<?xml version="1.0" encoding="UTF-8" ?>
<!DOCTYPE html>
<html b:version='2' expr:dir='data:blog.languageDirection' expr:lang='data:blog.locale' xmlns='http://www.w3.org/1999/xhtml' xmlns:b='http://www.google.com/2005/gml/b' xmlns:data='http://www.google.com/2005/gml/data' xmlns:expr='http://www.google.com/2005/gml/expr'>
  <head>
    <title><b:if cond='data:blog.pageName'><data:blog.pageName/> | </b:if><data:blog.title/></title>
    <!-- Meta-tags -->
    <meta content='width=device-width, initial-scale=1' name='viewport'/>
    <meta expr:charset='data:blog.encoding'/>
    <meta content='IE=edge' http-equiv='X-UA-Compatible'/>
    <!-- Open Graph & Twitter-->
    <b:if cond='data:blog.postImageUrl != &quot;&quot;'>
      <meta content='summary_large_image' name='twitter:card'/>
      <meta expr:content='data:blog.postImageUrl' property='og:image'/>
    <b:else/>
      <meta content='summary' name='twitter:card'/>
    </b:if>
    <meta content='@TWITTER-OF-YOUR-SITE' name='twitter:site'/>
    <meta content='@YOUR-TWITTER_USERNAME' name='twitter:creator'/>
    <meta expr:content='data:blog.locale' property='og:locale'/>
    <meta expr:content='data:blog.title' property='og:site_name'/>
    <meta content='true' property='og:rich_attachment'/>
    <b:if cond='data:blog.pageName != &quot;&quot;'>
      <meta expr:content='data:blog.pageName' property='og:title'/>
    <b:else/>
      <meta expr:content='data:blog.title' property='og:title'/>
    </b:if>
    <b:if cond='data:blog.pageType == &quot;item&quot; or data:blog.pageType == &quot;static_page&quot;'>
      <meta content='article' property='og:type'/>
    <b:else/>
      <meta content='website' property='og:type'/>
      <meta expr:content='data:blog.canonicalUrl' property='og:url'/>
    </b:if>
    <b:if cond='data:blog.metaDescription != &quot;&quot;'>
      <meta expr:content='data:blog.metaDescription' name='og:description'/>
    <b:else/>
      <meta expr:content='data:blog.title + &quot;: &quot; + data:blog.pageName' name='og:description'/>
    </b:if>
    <!-- Icons -->
    <link expr:href='data:blog.blogspotFaviconUrl' rel='icon' sizes='16x16' type='image/ico'/>
    <!-- <link rel="icon" type="image/png" href="PATH-TO-32x32-ICON" sizes="32x32"/> -->
    <!-- <link rel="icon" type="image/png" href="PATH-TO-48x48-ICON" sizes="48x48"/> -->
    <!-- <link rel="apple-touch-icon" sizes="180x180" href="PATH-TO-180x180-ICON"/> -->
    <!-- <meta name="msapplication-TileImage" content="PATH-TO-144x144-ICON"/> -->
    <meta expr:content='data:blog.title' name='apple-mobile-web-app-title'/>
    <meta expr:content='data:blog.title' name='application-name'/>
    <meta content='#838a92' name='msapplication-TileColor'/>
    <meta content='#838a92' name='theme-color'/>
    <!-- Styles -->
    <b:skin><![CDATA[
/*
* Theme Name: Journalium
* Theme URL: https://github.com/web-xaser/blogspot-themes/tree/master/Journalium
* Author: Pavel Chistyakov
* Author URL: https://www.web-xaser.ru
* License: MIT License (https://web-xaser.mit-license.org)
*/
/* ---------- RESET ---------- */
html, body, div, span, applet, object, iframe, h1, h2, h3, h4, h5, h6, p, blockquote, pre, a, abbr, acronym, address, big, cite, code, del, dfn, em, img, ins, kbd, q, s, samp, small, strike, strong, sub, sup, tt, var, b, u, i, center, dl, dt, dd, ol, ul, li, fieldset, form, label, legend, table, caption, tbody, tfoot, thead, tr, th, td, article, aside, canvas, details, embed, figure, figcaption, footer, header, hgroup, menu, nav, output, ruby, section, summary, time, mark, audio, video {
margin: 0;
border: 0;
outline: 0;
padding: 0;
font-style: normal;
}
* {
-webkit-box-sizing: border-box;
-moz-box-sizing: border-box;
-ms-box-sizing: border-box;
box-sizing: border-box;
}
html {
text-size-adjust: 100%;
-ms-text-size-adjust: 100%;
-moz-text-size-adjust: 100%;
-webkit-text-size-adjust: 100%;
}
figcaption, figure, cite {
display: block;
}
audio, canvas, video {
display: inline-block;
vertical-align: baseline;
}
img, a img {
border: 0;
}
i {
font-style: italic;
}
table {
border-collapse: collapse;
border-spacing: 0;
}
td, th {
padding: 0;
}
.widget, .widget-content, .section, .Header h1, .widget .post-body li, .widget li, .BlogArchive #ArchiveList ul.flat li {
margin: 0;
}
.widget ul {
padding: .5em 0 .2em;
}
.widget {
line-height: 1;
}
.main .Blog {
border-bottom-width: 0;
}
#uds-searchControl {
display: none;
}
q:before, q:after {
content: '';
}
/* ---------- MAIN ---------- */
body {
margin: 0;
padding: 0;
font-size: 12px;
font-family: Verdana, Arial, sans-serif;
color: #000;
background-color: #fff;
}
.layout {
width: 100%;
background-color: #fff;
}
.main-outer {
width: 100%;
}
a:link {
-webkit-transition: all .3s ease;
-moz-transition: all .3s ease;
-ms-transition: all .3s ease;
-o-transition: all .3s ease;
transition: all .3s ease;
background: transparent;
text-decoration: none;
color: #90A4AE;
}
a:active, a:hover, a:visited {
-webkit-transition: all .3s ease;
-moz-transition: all .3s ease;
-ms-transition: all .3s ease;
-o-transition: all .3s ease;
transition: all .3s ease;
color: #90A4AE;
outline: 0;
}
/* ---------- HEADER ---------- */
.header-outer {
width: 100%;
border-bottom: 1px solid #d5d5d5;
background-color: #f5f5f5;
}
.header-inner {
max-width: 948px;
padding: 0 16px;
display: flex;
margin: 0 auto;
justify-content: space-between;
align-items: center;
}
.header-inner .widget {
margin: 0 !important;
}
#Header1 {
margin-right: 8px !important;
}
.blog-title {
font-family: Verdana, sans-serif;
padding: 22px 0;
font-size: 2em;
color: #333;
}
.blog-title a, .blog-title a:hover {
color: #333;
}
#PageList1, .widget ul {
margin: 0;
padding: 0;
line-height: 1;
}
.PageList li {
display: inline-flex;
margin-right: 24px;
padding: 0;
}
.PageList li:last-child {
margin-right: 0;
}
.PageList li a {
font-family: Arial,'Helvetica Neue',Helvetica,sans-serif;
color: #838a92;
font-size: 1.15em;
font-weight: 700;
padding: 27.5px 0;
letter-spacing: .3px;
}
.PageList li a:hover {
color: #90A4AE;
}
.dropdown-menu {
display: none;
}
/* ---------- POST ---------- */
.status {
width: 100%;
padding: 0 16px;
}
.post-title {
display: inline-block;
font-size: 3em;
font-weight: 700;
line-height: 1.5;
padding: 8px;
z-index: 2;
color: #fff;
}
.post-header {
padding: 150px 1em;
text-align: center;
position: relative;
background-size: cover;
background-position: center;
line-height: 1.5;
}
.post-header:before {
content: '';
position: absolute;
top: 0;
bottom: 0;
left: 0;
right: 0;
background-color: rgba(0, 0, 0, .5);
z-index: 0;
}
.post-header a {
color: #fff;
}
.post-header a:hover {
color: rgba(255, 255, 255, .75);
}
.page-header {
padding: 2em 16px 1em;
width: 100%;
max-width: 948px;
margin: 0 auto;
}
.page-title {
font-size: 1.75em;
line-height: 1.5;
color: #555;
}
.post-author {
font-size: 1.25em;
font-weight: 700;
text-transform: uppercase;
color: #fff;
z-index: 2;
position: relative;
}
.post-author a:hover {
text-decoration: underline;
}
.post-preview-left {
display: block;
font-size: 1.25em;
font-family: Verdana, sans-serif;
z-index: 2;
color: #fff;
position: absolute;
bottom: 10px;
left: 10%;
}
#edit-pencil {
margin-left: 32px;
border-bottom: 1px dotted #fff;
}
.post-preview-right {
display: block;
font-size: 1.25em;
font-family: Verdana, sans-serif;
z-index: 2;
color: #fff;
position: absolute;
bottom: 10px;
right: 10%;
}
.post-preview-right address {
display: inline;
font-style: normal;
border-bottom: 1px dotted #fff;
}
.post-footer {
display: flex;
justify-content: space-between;
align-items: center;
max-width: 100%;
font-size: 1.15em;
max-width: 948px;
margin: 1em auto;
border: 1px solid #ccc;
border-radius: 2px;
padding: 4px 16px;
}
.post-labels {
color: #555;
margin-right: 32px;
}
.post-labels a {
color: #90A4AE;
text-decoration: underline;
}
.post-jump {
margin: 1em auto;
padding: 0 16px;
width: 100%;
position: relative;
max-width: 948px;
text-align: right;
}
.post-jump a {
padding: 10px 14px;
border-radius: 2px;
font-size: 1.25em;
display: inline-block;
color: #90A4AE;
border: 1px solid #90A4AE;
}
.post-jump a:hover {
color: #fff;
background-color: #90A4AE;
}
.blog-pager {
margin: 2em auto 0;
padding: 0 16px;
display: flex;
width: 100%;
max-width: 948px;
justify-content: center;
font-size: 1.75em;
}
.blog-pager a {
color: #90A4AE;
}
.blog-pager a:hover {
color: #90A4AE;
text-decoration: underline !important;
}
/* ---------- POST BODY ---------- */
.post-body {
margin: 1em 0;
color: #000;
width: 100%;
font-size: 1.3em;
line-height: 1.5;
font-family: Verdana, Arial, sans-serif;
}
.post-body a, .post-body a:hover {
color: #90A4AE;
}
.post-body p, .post-body div {
width: 100%;
max-width: 948px;
margin: 1em auto;
padding: 0 16px;
text-align: justify;
text-indent: 2em;
}
.post-body > h1, .post-body  > h2, .post-body > h3, .post-body > h4, .post-body > h5, .post-body > h6 {
width: 100%;
max-width: 948px;
margin: 1em auto;
padding: 0 16px;
font-family: Verdana, Arial, sans-serif;
}
.post-body h1 {
font-size: 150% !important;
}
.post-body h2 {
font-size: 140% !important;
}
.post-body h3 {
font-size: 130% !important;
}
.post-body h4 {
font-size: 120% !important;
font-style: italic;
}
.post-body h5 {
font-size: 110% !important;
font-style: italic;
}
.post-body h6 {
font-size: 90% !important;
font-style: italic;
}
.post-body figure, .post-body .post-iframe {
width: 100%;
max-width: 948px;
margin: 1em auto;
padding: 0 16px;
text-align: center;
display: block;
}
.post-body figcaption {
color: #90A4AE;
font-style: italic;
}
.post-body blockquote {
padding: 1em 16px;
margin: 1em auto;
color: #333;
background-color: #f5f5f5;
width: 100%;
max-width: 948px;
}
.post-body cite {
width: 100%;
max-width: 948px;
margin: 1em auto;
padding: 0 16px;
text-align: right;
color: #333;
}
.post-body .hljs {
padding: 0 16px 1.5em !important;
background: #f5f5f5 !important;
margin: 0 auto;
width: 100%;
max-width: 948px;
}
.post-body .tr-caption-container {
width: 100%;
max-width: 948px;
margin: 1em auto;
padding: 0 16px;
text-align: center;
text-indent: 0;
}
.post-body .tr-caption {
font-size: 1em !important;
color: #90A4AE;
font-style: italic;
}
.post-body img {
width: auto;
max-width: 100%;
}
.widget .post-body ul, .widget .post-body ol {
margin: 1em auto;
line-height: 1.5;
padding: 0 16px 0 32px;
width: 100%;
max-width: 948px;
}
.separator {
margin: .5em 0;
max-width: 100%;
width: auto;
}
#post-feed {
background-color: #90A4AE;
border-radius: 3px;
color: #fff;
padding: 3.5px 8px;
font-size: .9em;
display: inline-table;
}
#post-feed:hover {
background-color: #B0BEC5;
}
/* ---------- FOOTER ---------- */
.footer-outer {
position: relative;
border-top: 1px solid #d5d5d5;
background-color: #f5f5f5;
padding: 1.5em 0;
margin: 2em auto 0;
text-align: center;
line-height: 2;
width: 100%;
font-size: 1.25em;
color: #000;
}
.footer-outer a, .footer-outer a:hover {
color: #90A4AE;
}
.footer-svg {
vertical-align: middle !important;
}
/* ---------- MEDIA QUERIES ---------- */
@media all and (max-width: 1012px) {
.post-body > h1, .post-body  > h2, .post-body > h3, .post-body > h4, .post-body > h5, .post-body > h6, .post-body p, .post-body figure, .post-body cite {
padding: 0 1em;
}
.post-footer {
margin: 1em;
font-size: 1em;
}
.header-outer, .main-outer {
margin: 0 !important;
}
.header-inner {
padding: 0 1em !important;
}
.PageList li {
margin-right: 12px;
}
html .Header h1 {
font-size: 1.5em;
}
.button-up {
display: none;
}
}
@media all and (max-width: 664px) {
.menu {
display: none;
}
.dropdown-menu {
position: relative;
display: block;
border: 1px solid #ccc;
border-radius: 2px;
outline: none;
background-color: #fff;
height: 32px;
width: 100%;
}
.post-header {
padding: 50px 1em;
}
.post time, .post-title, .post-jump {
padding: 0 16px !important;
}
.post-author {
font-size: 1em;
}
.post-title {
font-size: 1.5em;
line-height: 1.25;
}
.post-preview-left, .post-preview-right {
display: block;
font-size: 1em;
position: relative;
bottom: 0;
right: 0;
left: 0;
}
#edit-pencil {
display: none;
}
.post-body p, .post-body figcaption, .post-body ul, .post-body ol, .post-body cite, .post-body .hljs, .post-jump a {
font-size: .9em;
}
.post-body .hljs {
white-space: pre-wrap;
}
.post-footer {
display: block;
text-align: center;
}
#post-feed {
margin: 8px 0;
}
.blog-pager {
margin: 1em;
width: auto;
max-width: 100%;
font-size: 1em;
}
.footer-outer {
padding: 16px !important;
font-size: 1em;
}
}
]]></b:skin>
    <b:if cond='data:blog.pageType != &quot;item&quot; and data:blog.pageType != &quot;static_page&quot;'>
      <style type='text/css'>
        .post {
          width: 100%;
          max-width: 948px;
          margin: 3em auto;
        }
        .post time {
          padding: 0 16px;
          font-size: 1em;
          color: #999;
        }
        .post-title {
          display: block;
          font-size: 2em;
          padding: 0 16px;
          color: #555;
        }
        .post-title a {
          color: #555;
        }
        .post-title a:hover {
          text-decoration: underline;
        }
      </style>
    </b:if>
    <!-- Scripts, fonts & other -->
    <b:include data='blog' name='all-head-content'/>
    <link href='//code.ionicframework.com/ionicons/2.0.1/css/ionicons.min.css' rel='stylesheet'/>
    <link href='//cdnjs.cloudflare.com/ajax/libs/highlight.js/9.7.0/styles/default.min.css' rel='stylesheet'/>
    <script src='//code.jquery.com/jquery-latest.js'/>
    <script src='//cdnjs.cloudflare.com/ajax/libs/highlight.js/9.7.0/highlight.min.js'/>
  </head>
  <body>
    <div class='layout'>
      <header class='header-outer'>
        <b:section class='header-inner' id='header' name='Header' showaddelement='no'>
          <b:widget id='Header1' locked='true' title='Journalium (Header)' type='Header' version='1'>
            <b:widget-settings>
              <b:widget-setting name='displayUrl'/>
              <b:widget-setting name='displayHeight'>0</b:widget-setting>
              <b:widget-setting name='sectionWidth'>827</b:widget-setting>
              <b:widget-setting name='useImage'>false</b:widget-setting>
              <b:widget-setting name='shrinkToFit'>false</b:widget-setting>
              <b:widget-setting name='imagePlacement'>BEHIND</b:widget-setting>
              <b:widget-setting name='displayWidth'>0</b:widget-setting>
            </b:widget-settings>
            <b:includable id='main'>
              <b:if cond='data:useImage'>
                <b:if cond='data:imagePlacement == &quot;BEHIND&quot;'>
                  <!-- Blog Title with logo -->
                  <a expr:href='data:blog.homepageUrl' rel='nofollow'><img class='blog-title_image' expr:alt='data:title' expr:src='data:sourceUrl' expr:title='data:title'/></a>
                  <h1 class='blog-title'><b:include name='title'/></h1>
                <b:else/>
                  <!-- Only logo -->
                  <a expr:href='data:blog.homepageUrl' rel='nofollow'><img class='blog-title_single-image' expr:alt='data:title' expr:src='data:sourceUrl' expr:title='data:title'/></a>
                </b:if>
                <style type='text/css'>
                  #Header1 {
                    display: inline-flex;
                  }
                  .blog-title_image {
                    margin: 8px 8px 0 0;
                    height: 48px;
                  }
                  .blog-title_single-image {
                    margin: 4px 8px 0 0;
                    height: 48px;
                  }
                  @media all and (max-width: 664px) {
                    .blog-title_image {
                      margin: 14px 8px 0 0;
                      height: 32px;
                    }
                    .blog-title_single-image {
                      margin: 1px 8px 0 0;
                      height: 32px;
                    }
                  }
                </style>
              <b:else/>
                <!-- Only Blog Title -->
                <h1 class='blog-title'>
                  <b:include name='title'/>
                </h1>
              </b:if>
            </b:includable>
            <b:includable id='description'/>
            <b:includable id='title'>
              <b:if cond='data:blog.url == data:blog.homepageUrl'>
                <data:title/>
              <b:else/>
                <a expr:href='data:blog.homepageUrl'><data:title/></a>
              </b:if>
            </b:includable>
          </b:widget>
          <b:widget id='BlogSearch1' locked='true' mobile='no' title='Search' type='BlogSearch' version='1'>
            <b:includable id='main'>
              <div class='search-form'>
                <form expr:action='data:blog.homepageUrl + &quot;search/&quot;' method='get'>
                  <input expr:placeholder='data:title' id='s' name='q' type='search'/>
                </form>
              </div>
              <style type='text/css'>
                .search-form input[type=search] {
                  border: 1px solid #d5d5d5;
                  border-radius: 2px;
                  width: 180px;
                  min-height: 32px;
                  padding: 4px 8px;
                  font-size: 1.1em;
                  font-weight: bold;
                  outline: none;
                }
                .search-form input[type=search]:focus {
                  border-color: #b5b5b5;
                }
                @media all and (max-width: 1012px) {
                  .search-form {
                    display: none;
                  }
                }
              </style>
            </b:includable>
          </b:widget>
          <b:widget id='PageList1' locked='true' title='Pages' type='PageList' version='1'>
            <b:widget-settings>
              <b:widget-setting name='homeTitle'>Homepage</b:widget-setting>
            </b:widget-settings>
            <b:includable id='main'>
              <ul class='menu'>
                <b:loop values='data:links' var='link'>
                  <li><a expr:href='data:link.href'><data:link.title/></a></li>
                </b:loop>
              </ul>
              <select class='dropdown-menu' onchange='window.location.href = this.options[this.selectedIndex].value;'>
                <b:loop values='data:links' var='link'>
                  <b:if cond='data:link.isCurrentPage'>
                    <option expr:value='data:link.href' selected='selected'><data:link.title/></option>
                  <b:else/>
                    <option expr:value='data:link.href'><data:link.title/></option>
                  </b:if>
                </b:loop>
              </select>
            </b:includable>
          </b:widget>
        </b:section>
      </header>
      <b:section class='main-outer' id='main' name='Main' showaddelement='no'>
        <b:widget id='Blog1' locked='true' title='Blog Posts' type='Blog' version='1'>
          <b:widget-settings>
            <b:widget-setting name='commentLabel'>comments</b:widget-setting>
            <b:widget-setting name='showDateHeader'>true</b:widget-setting>
            <b:widget-setting name='style.textcolor'>#000000</b:widget-setting>
            <b:widget-setting name='showShareButtons'>true</b:widget-setting>
            <b:widget-setting name='authorLabel'>Author</b:widget-setting>
            <b:widget-setting name='showCommentLink'>false</b:widget-setting>
            <b:widget-setting name='style.urlcolor'>#008000</b:widget-setting>
            <b:widget-setting name='showAuthor'>true</b:widget-setting>
            <b:widget-setting name='style.linkcolor'>#0000ff</b:widget-setting>
            <b:widget-setting name='style.unittype'>TextAndImage</b:widget-setting>
            <b:widget-setting name='style.bgcolor'>#ffffff</b:widget-setting>
            <b:widget-setting name='timestampLabel'>in</b:widget-setting>
            <b:widget-setting name='reactionsLabel'>Reactions</b:widget-setting>
            <b:widget-setting name='showAuthorProfile'>false</b:widget-setting>
            <b:widget-setting name='style.layout'>1x1</b:widget-setting>
            <b:widget-setting name='showLabels'>true</b:widget-setting>
            <b:widget-setting name='postLabelsLabel'>Labels:</b:widget-setting>
            <b:widget-setting name='showLocation'>true</b:widget-setting>
            <b:widget-setting name='showTimestamp'>true</b:widget-setting>
            <b:widget-setting name='postsPerAd'>1</b:widget-setting>
            <b:widget-setting name='showBacklinks'>false</b:widget-setting>
            <b:widget-setting name='style.bordercolor'>#ffffff</b:widget-setting>
            <b:widget-setting name='showInlineAds'>false</b:widget-setting>
            <b:widget-setting name='backlinksLabel'>Backlinks</b:widget-setting>
            <b:widget-setting name='showReactions'>false</b:widget-setting>
          </b:widget-settings>
          <b:includable id='main' var='top'>
            <b:include data='top' name='status-message'/>
            <b:loop values='data:posts' var='post'>
              <b:include data='post' name='post'/>
              <b:if cond='data:blog.pageType == &quot;item&quot;'>
                <b:include data='post' name='comments'/>
              </b:if>
            </b:loop>
            <b:if cond='data:blog.pageType != &quot;item&quot; and data:blog.pageType != &quot;static_page&quot; and data:blog.pageType != &quot;error_page&quot;'>
              <b:include name='nextprev'/>
            </b:if>
            <b:include name='blogAdminWidget'/>
          </b:includable>
          <b:includable id='backlinkDeleteIcon' var='backlink'/>
          <b:includable id='backlinks' var='post'/>
          <b:includable id='blogAdminWidget'>
            <!-- Blog Admin Widget (made with https://github.com/nobitagit/material-floating-button) -->
            <b:if cond='data:blog.isMobile'>
              <style type='text/css'>
                .blog-admin { display: none !important; }
              </style>
            </b:if>
            <div class='item-control blog-admin'>
              <style type='text/css'>
                .mfb-component--br {
                  box-sizing: border-box;
                  position: fixed;
                  right: 16px;
                  bottom: 16px;
                  white-space: nowrap;
                  z-index: 10;
                  padding-left: 0 !important;
                  list-style: none;
                }
                .mfb-component--br *, .mfb-component--br *:before, .mfb-component--br *:after {
                  box-sizing: inherit;
                }
                .mfb-component__button--main, .mfb-component__button--child {
                  background-color: #f0f0f0 !important;
                  display: inline-block;
                  position: relative;
                  border: none;
                  border-radius: 50%;
                  box-shadow: 0 0 4px rgba(0, 0, 0, 0.14), 0 4px 8px rgba(0, 0, 0, 0.28);
                  cursor: pointer;
                  outline: none;
                  padding: 0;
                  color: #f1f1f1;
                }
                .mfb-component__button--main:hover, .mfb-component__button--child:hover {
                  opacity: 1;
                }
                .mfb-component__list {
                  list-style: none;
                  margin: 0;
                  padding: 0;
                }
                .mfb-component__list &gt; li {
                  display: block;
                  position: absolute;
                  top: 0;
                  right: 9px;
                  padding: 10px 0;
                  margin: -10px 0;
                }
                .mfb-component__icon, .mfb-component__main-icon--active, .mfb-component__main-icon--resting, .mfb-component__child-icon {
                  position: absolute;
                  font-size: 18px;
                  text-align: center;
                  line-height: 56px;
                  width: 100%;
                }
                .mfb-component__wrap {
                  padding: 0 !important;
                }
                [data-mfb-toggle=&quot;hover&quot;]:hover .mfb-component__icon, [data-mfb-toggle=&quot;hover&quot;]:hover .mfb-component__main-icon--active, [data-mfb-toggle=&quot;hover&quot;]:hover .mfb-component__main-icon--resting, [data-mfb-toggle=&quot;hover&quot;]:hover .mfb-component__child-icon {
                  -webkit-transform: scale(1) rotate(0deg);
                  transform: scale(1) rotate(0deg);
                }
                .mfb-component__button--main {
                  height: 56px;
                  width: 56px;
                  z-index: 20;
                }
                .mfb-component__button--child {
                  height: 38px;
                  width: 38px;
                }
                .mfb-component__main-icon--active, .mfb-component__main-icon--resting {
                  -webkit-transform: scale(1) rotate(360deg);
                  transform: scale(1) rotate(360deg);
                  -webkit-transition: -webkit-transform 150ms cubic-bezier(0.4, 0, 1, 1);
                  transition: transform 150ms cubic-bezier(0.4, 0, 1, 1);
                }
                .mfb-component__child-icon {
                  line-height: 38px;
                  font-size: 18px;
                }
                .mfb-component__main-icon--active {
                  opacity: 0;
                }
                [data-mfb-toggle=&quot;hover&quot;]:hover .mfb-component__main-icon {
                  -webkit-transform: scale(1) rotate(0deg);
                  transform: scale(1) rotate(0deg);
                }
                [data-mfb-toggle=&quot;hover&quot;]:hover .mfb-component__main-icon--resting {
                  opacity: 0;
                  position: absolute !important;
                }
                [data-mfb-toggle=&quot;hover&quot;]:hover .mfb-component__main-icon--active {
                  opacity: 1;
                }
                .mfb-component--br.mfb-slidein .mfb-component__list li {
                  opacity: 0;
                  transition: all 0.3s;
                }
                .mfb-component--br.mfb-slidein[data-mfb-toggle=&quot;hover&quot;]:hover .mfb-component__list li {
                  opacity: 1;
                }
                .mfb-component--br.mfb-slidein[data-mfb-toggle=&quot;hover&quot;]:hover .mfb-component__list li:nth-child(1) {
                  -webkit-transform: translateY(-50px);
                  transform: translateY(-50px);
                }
                .mfb-component--br.mfb-slidein[data-mfb-toggle=&quot;hover&quot;]:hover .mfb-component__list li:nth-child(2) {
                  -webkit-transform: translateY(-100px);
                  transform: translateY(-100px);
                }
                .mfb-component--br.mfb-slidein[data-mfb-toggle=&quot;hover&quot;]:hover .mfb-component__list li:nth-child(3) {
                  -webkit-transform: translateY(-150px);
                  transform: translateY(-150px);
                }
                .mfb-component--br.mfb-slidein[data-mfb-toggle=&quot;hover&quot;]:hover .mfb-component__list li:nth-child(4) {
                  -webkit-transform: translateY(-200px);
                  transform: translateY(-200px);
                }
                .mfb-component--br.mfb-slidein[data-mfb-toggle=&quot;hover&quot;]:hover .mfb-component__list li:nth-child(5) {
                  -webkit-transform: translateY(-250px);
                  transform: translateY(-250px);
                }
                .mfb-component--br.mfb-slidein[data-mfb-toggle=&quot;hover&quot;]:hover .mfb-component__list li:nth-child(6) {
                  -webkit-transform: translateY(-300px);
                  transform: translateY(-300px);
                }
                [data-mfb-label]:after {
                  content: attr(data-mfb-label);
                  opacity: 0;
                  transition: all .5s;
                  background: rgba(0, 0, 0, .9);
                  padding: 4px 8px;
                  border-radius: 3px;
                  color: rgba(255, 255, 255, .8);
                  font-size: 12px;
                  font-weight: 700;
                  pointer-events: none;
                  line-height: normal;
                  position: absolute;
                  top: 50%;
                  margin-top: -11.5px;
                }
                [data-mfb-toggle=&quot;hover&quot;] [data-mfb-label]:hover:after {
                  content: attr(data-mfb-label);
                  opacity: 1;
                  transition: all 0.3s;
                }
                .mfb-component--br [data-mfb-label]:after {
                  content: attr(data-mfb-label);
                  right: 70px;
                }
                .mfb-component--br .mfb-component__list [data-mfb-label]:after {
                  content: attr(data-mfb-label);
                  right: 50px;
                }
              </style>
              <ul class='mfb-component--br mfb-slidein' data-mfb-toggle='hover' id='menu'>
                <li class='mfb-component__wrap'>
                  <a class='mfb-component__button--main' data-mfb-label='Dashboard' href='#'><i class='mfb-component__main-icon--resting ion-settings'/><i class='mfb-component__main-icon--active ion-close-round'/></a>
                  <ul class='mfb-component__list'>
                    <li>
                      <a class='mfb-component__button--child' data-mfb-label='Edit Article' expr:href='data:post.editUrl' target='_blank' rel='noopener'><i class='mfb-component__child-icon ion-edit'/></a>
                    </li>
                    <li>
                      <a class='mfb-component__button--child' data-mfb-label='Blog Overview' expr:href='&quot;https://www.blogger.com/blogger.g?blogID=&quot; + data:blog.blogId + &quot;#overview&quot;' target='_blank' rel='noopener'><i class='mfb-component__child-icon ion-home'/></a>
                    </li>
                    <li>
                      <a class='mfb-component__button--child' data-mfb-label='View Comments' href='https://YOUR-DISQUS-SHORTNAME.disqus.com/admin/' target='_blank' rel='noopener'><i class='mfb-component__child-icon ion-chatbox'/></a>
                    </li>
                    <li>
                      <a class='mfb-component__button--child' data-mfb-label='View Posts Stats' expr:href='&quot;https://www.blogger.com/blogger.g?blogID=&quot; + data:blog.blogId + &quot;#postsstats&quot;' target='_blank' rel='noopener'><i class='mfb-component__child-icon ion-pie-graph'/></a>
                    </li>
                    <li>
                      <a class='mfb-component__button--child' data-mfb-label='Edit Template' expr:href='&quot;https://www.blogger.com/blogger.g?blogID=&quot; + data:blog.blogId + &quot;#template&quot;' target='_blank' rel='noopener'><i class='mfb-component__child-icon ion-easel'/></a>
                    </li>
                    <li>
                      <a class='mfb-component__button--child' data-mfb-label='Edit Settings' expr:href='&quot;https://www.blogger.com/blogger.g?blogID=&quot; + data:blog.blogId + &quot;#basicsettings&quot;' target='_blank' rel='noopener'><i class='mfb-component__child-icon ion-wrench'/></a>
                    </li>
                  </ul>
                </li>
              </ul>
            </div>
          </b:includable>
          <b:includable id='comment-form' var='post'/>
          <b:includable id='commentDeleteIcon' var='comment'/>
          <b:includable id='comment_count_picker' var='post'/>
          <b:includable id='comment_picker' var='post'/>
          <b:includable id='comments' var='post'>
            <div id='post-comments'>
              <!-- Disqus Comments
              <div id='disqus_thread'/>
              <script type='text/javascript'>
                var disqus_config = function () {
                  this.page.url = &#39;<data:blog.canonicalUrl/>&#39;;
                  this.page.identifier = &#39;<data:post.id/>&#39;;
                };
                (function() { 
                  var d = document, s = d.createElement(&#39;script&#39;);
                  s.src = &#39;//YOUR-DISQUS-NAME.disqus.com/embed.js&#39;;
                  s.setAttribute(&#39;data-timestamp&#39;, +new Date());
                  (d.head || d.body).appendChild(s);
                })();
              </script>
              <style type='text/css'>
                #disqus_thread {
                  width: 100%;
                  max-width: 948px;
                  margin: 2em auto 0;
                  padding: 0 16px;
                }
                @media all and (max-width: 1012px) {
                  #disqus_thread {
                    width: auto;
                    max-width: 100%;
                    margin: 2em 1em;
                  }
                }
              </style> -->
              <!-- VK comments
              <script src='//vk.com/js/api/openapi.js?132' type='text/javascript'/>
              <script type='text/javascript'>
                VK.init({apiId: YOUR-APP-ID, onlyWidgets: true});
              </script>
              <div id='vk_comments' style='width: 100%; max-width: 948px; margin: 2em auto 0; padding: 0 16px;'/>
              <script type='text/javascript'>
                VK.Widgets.Comments(&quot;vk_comments&quot;, {limit: 15, width: &quot;auto&quot;, attach: &quot;*&quot;});
              </script>
              <style type='text/css'>
                @media all and (max-width: 1012px) {
                  #vk_comments, #vk_comments iframe {
                    width: 100% !important;
                  }
                  #vk_comments {
                    margin: 2em 0;
                    padding: 0 1em;
                  }
                }
              </style> -->
            </div>
          </b:includable>
          <b:includable id='feedLinks'/>
          <b:includable id='feedLinksBody' var='links'>
            <a expr:href='data:blog.homepageUrl + &quot;feeds/posts/default?alt=rss&quot;' id='post-feed' target='_blank'>Subscribe via RSS</a>
          </b:includable>
          <b:includable id='iframe_comments' var='post'/>
          <b:includable id='mobile-index-post' var='post'/>
          <b:includable id='mobile-main' var='top'/>
          <b:includable id='mobile-nextprev'/>
          <b:includable id='mobile-post' var='post'/>
          <b:includable id='nextprev'>
            <div class='blog-pager'>
              <b:if cond='data:newerPageUrl'>
                &#8592; 
                <a class='newer-link' expr:href='data:newerPageUrl' rel='next'>next</a>
              </b:if>
              &#160;
              <b:if cond='data:olderPageUrl'>
                <a class='older-link' expr:href='data:olderPageUrl' rel='prev'>prev</a>
                &#8594;
              </b:if>
            </div>
          </b:includable>
          <b:includable id='post' var='post'>
            <article class='post'>
              <b:switch var='data:blog.pageType'>
                <b:case value='item'/>
                <div class='post-header'>
                  <style type='text/css'>
                    .post-header {
                      background-image: url(<data:blog.postImageUrl/>);
                    }
                  </style>
                  <b:if cond='data:top.showAuthor'>
                    <b:if cond='data:post.author'>
                      <div class='post-author'>
                        <b:if cond='data:post.authorProfileUrl'>
                          <a expr:href='data:post.authorProfileUrl + &quot;?rel=author&quot;' target='_blank' rel='noopener'>
                            <data:post.author/>
                          </a>
                          <b:else/>
                          <data:post.author/>
                        </b:if>
                      </div>
                    </b:if>
                  </b:if>
                  <b:if cond='data:post.title'>
                    <h2 class='post-title'>
                      <b:if cond='data:blog.url != data:post.url'>
                        <a expr:href='data:post.url'><data:post.title/></a>
                      <b:else/>
                        <data:post.title/>
                      </b:if>
                    </h2>
                  </b:if>
                  <div class='post-preview-left'>
                    <time expr:datetime='data:post.timestampISO8601' pubdate='pubdate'>
                      <b:if cond='data:post.dateHeader'><data:post.date/></b:if>
                      <b:if cond='data:top.showTimestamp'><data:top.timestampLabel/> <data:post.timestamp/></b:if>
                    </time>
                    <b:include data='post' name='postQuickEdit'/>
                  </div>
                  <div class='post-preview-right'>
                    <b:if cond='data:post.location'>
                      <address><a expr:href='data:post.location.mapsUrl' rel='nofollow noopener' target='_blank'><data:post.location.name/></a></address>
                    </b:if>
                  </div>
                </div>
                <b:case value='static_page'/>
                <div class='page-header'>
                  <b:if cond='data:post.title'>
                    <h2 class='page-title'><data:post.title/></h2>
                  </b:if>
                </div>
                <b:default/>
                <time expr:datetime='data:post.timestampISO8601' pubdate='pubdate'>
                  <data:post.date/>
                  <b:if cond='data:top.showTimestamp'><data:top.timestampLabel/> <data:post.timestamp/></b:if>
                </time>
                <b:if cond='data:post.title'>
                  <h2 class='post-title'>
                    <b:if cond='data:blog.url != data:post.url'>
                      <a expr:href='data:post.url'><data:post.title/></a>
                    <b:else/>
                      <data:post.title/>
                    </b:if>
                  </h2>
                </b:if>
              </b:switch>
              <!-- <script type='text/javascript'>
                // <![CDATA[
                hljs.initHighlightingOnLoad();
                // ]]>
              </script> -->
              <div class='post-body'><data:post.body/></div>
              <b:if cond='data:post.hasJumpLink'>
                <div class='post-jump'>
                  <a expr:href='data:post.url'><data:post.jumpText/></a>
                </div>
              </b:if>
              <b:if cond='data:blog.pageType == &quot;item&quot;'>
                <div class='post-footer'>
                  <b:if cond='data:post.labels'>
                    <div class='post-labels'>
                      <data:postLabelsLabel/>
                      <b:loop values='data:post.labels' var='label'>
                        <b:if cond='data:label.isLast'>
                          <a expr:href='data:label.url' rel='tag'><data:label.name/></a>
                        <b:else/>
                          <a expr:href='data:label.url' rel='tag'><data:label.name/></a>,
                        </b:if>
                      </b:loop>
                    </div>
                  </b:if>
                  <b:include name='feedLinksBody'/>
                  <b:include data='post' name='shareButtons'/>
                </div>
              </b:if>
            </article>
          </b:includable>
          <b:includable id='postQuickEdit' var='post'>
            <span expr:class='&quot;item-control &quot; + data:post.adminClass'>
              <a expr:href='data:post.editUrl' id='edit-pencil' target='_blank'><data:top.editPostMsg/></a>
            </span>
          </b:includable>
          <b:includable id='shareButtons' var='post'>
            <script src='//yastatic.net/es5-shims/0.0.2/es5-shims.min.js'/>
            <script src='//yastatic.net/share2/share.js'/>
            <div class='ya-share2' data-services='twitter,vkontakte,facebook,collections,pocket'/>
          </b:includable>
          <b:includable id='status-message'>
            <div class='status'>
              <b:if cond='data:blog.pageType == &quot;archive&quot;'>
                <div class='status-archive'>
                  <div class='status-archive-desc'>
                    <span class='status-archive__name'>Archive for <data:blog.pageName/></span>
                    <span class='status-archive__category'>Shown posts for the selected month</span>
                  </div>
                  <div class='status-archive__all'>
                    <a expr:href='data:blog.homepageUrl'>All posts</a>
                  </div>
                </div>
                <style type='text/css'>
                  .status-archive {
                    display: flex;
                    justify-content: space-between;
                    align-items: center;
                    width: 100%;
                    max-width: 948px;
                    margin: 2em auto 0;
                    padding: 2em 16px;
                    background-color: #f5f5f5;
                    border: 1px solid #d5d5d5;
                    font-size: 1.1em;
                  }
                  .status-archive__name {
                    font-size: 1.25em;
                    display: block;
                    padding: 0 0 .5em;
                    font-weight: bold;
                    color: #333;
                  }
                  .status-archive__category {
                    color: #555;
                  }
                  .status-archive__all a {
                    background-color: #90A4AE;
                    border-radius: 3px;
                    color: #fff;
                    padding: 8px 16px;
                  }
                  .status-archive__all a:hover {
                    background-color: #B0BEC5;
                  }
                  @media all and (max-width: 664px) {
                    .status-archive {
                      display: inline-block;
                      font-size: 1em;
                    }
                    .status-archive__all a {
                      display: inline-block;
                      margin-top: 8px;
                    }
                  }
                </style>
              </b:if>
              <b:if cond='data:navMessage'>
                <b:if cond='data:blog.searchLabel'>
                  <div class='status-labels'>
                    <div class='status-label-desc'>
                      <span class='status-label__name'><data:blog.searchLabel/></span>
                      <span class='status-label__category'>Shown posts with this label</span>
                    </div>
                    <div class='status-label-subscribtion'>
                      <a expr:href='data:blog.homepageUrl + &quot;feeds/posts/default/-/&quot; + data:blog.searchLabel + &quot;?alt=rss&quot;' target='_blank'>Subscribe via RSS</a>
                    </div>
                  </div>
                  <b:if cond='data:numPosts &lt; 10'>
                    <style type='text/css'>
                      .blog-pager { display: none; } </style>
                  </b:if>
                  <style type='text/css'>
                    .status-labels {
                      display: flex;
                      justify-content: space-between;
                      align-items: center;
                      width: 100%;
                      max-width: 948px;
                      margin: 2em auto 0;
                      padding: 2em 16px;
                      background-color: #f5f5f5;
                      border: 1px solid #d5d5d5;
                      font-size: 1.1em;
                    }
                    .status-label__name {
                      font-size: 1.25em;
                      display: block;
                      padding: 0 0 .5em;
                      font-weight: bold;
                      color: #333;
                    }
                    .status-label__category {
                      color: #555;
                    }
                    .status-label-subscribtion a {
                      background-color: #90A4AE;
                      border-radius: 3px;
                      color: #fff;
                      padding: 8px 16px;
                    }
                    .status-label-subscribtion a:hover {
                      background-color: #B0BEC5;
                    }
                    @media all and (max-width: 664px) {
                      .status-labels {
                        display: inline-block;
                        font-size: 1em;
                      }
                      .status-label-subscribtion a {
                        display: inline-block;
                        margin-top: 8px;
                      }
                    }
                  </style>
                </b:if>
                <b:if cond='data:blog.searchQuery'>
                  <div class='status-search'>
                    <h5 class='status-search__name'>Search</h5>
                    <div class='status-search__form'>
                      <form expr:action='data:blog.homepageUrl + &quot;search/&quot;' method='get'>
                        <input expr:placeholder='data:blog.searchQuery' expr:value='data:blog.searchQuery' id='s' name='q' type='search'/>
                      </form>
                    </div>
                    <div class='status-search__sort'>
                      <span class='sort'>
                        Sort:
                        <span class='sort-by-relevant'>
                          <a expr:href='data:blog.homepageUrl + &quot;search/?q=&quot; + data:blog.searchQuery + &quot;&amp;by-date=false&quot;'>by relevance</a>
                        </span>
                        <span class='sort-by-date'>
                          <a expr:href='data:blog.homepageUrl + &quot;search/?q=&quot; + data:blog.searchQuery + &quot;&amp;by-date=true&quot;'>by time</a>
                        </span>
                      </span>
                      <span class='no-sort'>
                        <a expr:href='data:blog.homepageUrl'>all posts</a>
                      </span>
                    </div>
                  </div>
                  <b:if cond='data:numPosts == 0'>
                    <p class='status-search__blank'>No search results.</p>
                  </b:if>
                  <style type='text/css'>
                    .status-search {
                      width: 100%;
                      max-width: 948px;
                      margin: 2em auto;
                      padding: 2em 16px;
                      background-color: #f5f5f5;
                      border: 1px solid #d5d5d5;
                      border-radius: 2px;
                    }
                    .status-search__blank {
                      font-size: 1.5em;
                      color: #555;
                      width: 100%;
                      max-width: 948px;
                      margin: 2em auto;
                      padding: 0 16px;
                    }
                    .status-search__name {
                      margin: 0;
                      font-size: 1.5em;
                      color: #333;
                      padding: 0 0 .5em;
                    }
                    .status-search__form form #s {
                      width: 100%;
                      margin: 0 0 1em;
                      height: 32px;
                      font-size: 1.25em;
                      padding: 4px 8px;
                      outline: none;
                      border: 1px solid #d5d5d5;
                    }
                    .status-search__form #s:focus {
                      border: 1px solid #b5b5b5;
                    }
                    .status-search__sort {
                      display: flex;
                      justify-content: space-between;
                      color: #555;
                    }
                    .status-search__sort a {
                      color: #90A4AE;
                      padding: 2px 4px;
                    }
                    .status-search__sort a:hover {
                      background-color: rgba(0, 0, 0, .05);
                    }
                    .no-sort {
                      text-align: right;
                    }
                    @media all and (max-width: 664px) {
                      .status-search__name {
                        font-size: 1em;
                      }
                      .status-search__form form #s {
                        margin: 0 0 8px;
                        font-size: 1em;
                      }
                      .status-search__sort {
                        display: block;
                        font-size: .9em;
                        line-height: 2;
                      }
                      .no-sort {
                        text-align: left;
                      }
                      .status-search__blank {
                        padding: 0 1em;
                      }
                    }
                  </style>
                </b:if>
                <b:if cond='data:blog.pageType == &quot;error_page&quot;'>
                  <div class='status-error'><data:navMessage/></div>
                  <style type='text/css'>
                    .status-error {
                      padding: 5em 16px;
                      color: #333;
                      font-size: 1.25em;
                      line-height: 1.5;
                      text-align: center;
                      width: 100%;
                      margin: 0 auto;
                      max-width: 600px;
                    }
                    .status-error h2 {
                      font-size: 2em;
                      font-weight: normal;
                    }
                    .status-error a {
                      margin: 1em 0 0;
                      padding: 8px 16px;
                      border-radius: 2px;
                      font-size: 1em;
                      display: inline-block;
                      color: #90A4AE;
                      border: 1px solid #90A4AE;
                    }
                    .status-error a:hover {
                      background-color: #90A4AE;
                      color: #fff;
                    }
                    .footer-outer {
                      border-bottom: 1px solid #d5d5d5;
                    }
                  </style>
                </b:if>
              </b:if>
            </div>
          </b:includable>
          <b:includable id='threaded-comment-form' var='post'/>
          <b:includable id='threaded_comment_js' var='post'/>
          <b:includable id='threaded_comments' var='post'/>
        </b:widget>
      </b:section>
      <footer class='footer-outer'>
        <b:section class='footer' id='footer' name='Footer'>
          <b:widget id='HTML1' locked='false' title='Social Links' type='HTML' version='1'>
            <b:widget-settings>
              <b:widget-setting name='content'>&lt;nav id=&quot;social&quot;&gt;&lt;a class=&quot;twitter&quot; href=&quot;https://twitter.com/YOUR-TWITTER-NICKNAME&quot; target=&quot;_blank&quot; rel=&quot;noopener&quot; title=&quot;Twitter&quot;&gt;&lt;i class=&quot;ion ion-social-twitter&quot;/&gt;&lt;/i&gt;&lt;/a&gt;
&lt;a class=&quot;github&quot; href=&quot;https://github.com/YOUR-GITHUB-NICKNAME&quot; target=&quot;_blank&quot; rel=&quot;noopener&quot; title=&quot;Github&quot;&gt;&lt;i class=&quot;ion ion-social-github&quot;/&gt;&lt;/i&gt;&lt;/a&gt;
&lt;a class=&quot;facebook&quot; href=&quot;https://www.facebook.com/YOUR-FACEBOOK-NICKNAME&quot; target=&quot;_blank&quot; rel=&quot;noopener&quot; title=&quot;Facebook&quot;&gt;&lt;i class=&quot;ion ion-social-facebook&quot;/&gt;&lt;/i&gt;&lt;/a&gt;
&lt;/nav&gt;&lt;style type=&#39;text/css&#39;&gt;#HTML1 #social { position: absolute; right: 88px; top: 6.5px; } #HTML1 #social .ion { font-size: 32px; padding: 8px; } @media (max-width: 1012px) { #HTML1 #social { position: static; } } @media (max-width: 664px) { #HTML1 #social .ion { font-size: 24px; } }&lt;/style&gt;</b:widget-setting>
            </b:widget-settings>
            <b:includable id='main'>
              <data:content/>
            </b:includable>
          </b:widget>
        </b:section>
        Blogger Template &#171;Journalium&#187; | Powered by Blogger<br/>
        <svg class='footer-svg' fill='#000' height='18' viewBox='0 0 14 16' width='18' xmlns='http://www.w3.org/2000/svg'><path d='M9.5 3L8 4.5 11.5 8 8 11.5 9.5 13 14 8 9.5 3zm-5 0L0 8l4.5 5L6 11.5 2.5 8 6 4.5 4.5 3z'/></svg> with <svg class='footer-svg' fill='#000' height='18' viewBox='0 0 12 16' width='18' xmlns='http://www.w3.org/2000/svg'><path d='M11.2 3c-.52-.63-1.25-.95-2.2-1-.97 0-1.69.42-2.2 1-.51.58-.78.92-.8 1-.02-.08-.28-.42-.8-1-.52-.58-1.17-1-2.2-1-.95.05-1.69.38-2.2 1-.52.61-.78 1.28-.8 2 0 .52.09 1.52.67 2.67C1.25 8.82 3.01 10.61 6 13c2.98-2.39 4.77-4.17 5.34-5.33C11.91 6.51 12 5.5 12 5c-.02-.72-.28-1.39-.8-2.02V3z' fill-rule='evenodd'/></svg> by <a href='https://www.web-xaser.ru' style='color: #000;' target='_blank' rel='noopener'><b>@web_xaser</b></a>
      </footer>
    </div>
    <!-- Scroll To Top Script -->
    <script type='text/javascript'>
      // <![CDATA[
      $(document).ready(function() {
        $('body').append('<div class="button-up" style="display: none; opacity: .7; width: 50px; height: 100%; position: fixed; left: 0; top: 0; cursor: pointer; text-align: center; line-height: 100px; color: #333; font-weight: bold; font-size: 3em;" title="To Top">↑</div>');
        $(window).scroll (function () {
          if ($(this).scrollTop() > 300) {
            $('.button-up').fadeIn();
          } else {
            $('.button-up').fadeOut();
          }
        });
        $('.button-up').click(function() {
          $('body,html').animate({
            scrollTop: 0
          }, 100);
          return false;
        });
        $('.button-up').hover(function() {
          $(this).animate({
            'opacity':'1',
          }).css({'background-color':'rgba(245, 245, 245, .5)','color':'#555'});
        }, function() {
          $(this).animate({
            'opacity':'0.7'
          }).css({'background':'none','color':'#555'});;
        });
      });
      // ]]>
    </script>
  </body>
</html>