<?xml version="1.0" encoding="UTF-8" ?>
<!DOCTYPE html PUBLIC "-//W3C//DTD XHTML 1.0 Strict//EN" "http://www.w3.org/TR/xhtml1/DTD/xhtml1-strict.dtd">
<html b:version='2' expr:dir='data:blog.languageDirection' expr:lang='data:blog.locale' xmlns='http://www.w3.org/1999/xhtml' xmlns:b='http://www.google.com/2005/gml/b' xmlns:data='http://www.google.com/2005/gml/data' xmlns:expr='http://www.google.com/2005/gml/expr'>
  <head>
    <title><b:if cond='data:blog.pageName'><data:blog.pageName/> - </b:if><data:blog.title/></title>
    <meta content='width=device-width, initial-scale=1' name='viewport'/>
    <!-- Styles -->
    <b:skin><![CDATA[
/*
* Theme Name: Postium
* Theme URL: https://github.com/web-xaser/blogspot-themes/tree/master/Postium
* Author: Pavel Chistyakov
* Author URL: https://www.web-xaser.ru
* License: MIT License (https://web-xaser.mit-license.org)
*/
/********** GENERAL **********/
* {
margin: 0;
padding: 0;
border: 0;
}
article, footer, header, nav, section {
display: block
}
table {
border-collapse: collapse;
border-spacing: 0
}
.section, .widget, figure {
margin: 0;
}
html {
font-size: 16px;
}
body {
min-height: auto;
font-family: Open Sans, Arial, sans-serif;
font-size: 1rem;
line-height: 1.75;
color: #212121;
background-color: #efefef;
}
a {
text-decoration: none;
-webkit-transition: all .2s ease;
transition: all .2s ease;
color: #212121;
}
a:hover {
-webkit-transition: all .2s ease;
transition: all .2s ease;
opacity: .8;
}
/********** HEADER **********/
header {
background-color: #79cc7a;
}
.Header h1 {
margin: 0;
line-height: 1;
}
.Header .description {
margin: 0;
padding: 0;
color: #fff;
}
.header__wrap {
margin: 0 auto;
padding: 24px 16px;
display: flex;
justify-content: space-between;
}
#header__title-wrap, #header__nav-wrap {
width: 50%;
}
#header__nav-wrap, .header__headline {
align-self: center;
}
#header__nav-wrap {
text-align: right;
}
.header__title a {
color: #fff;
font-size: 24px;
font-weight: normal;
}
.header__nav-link {
display: inline-block;
padding: 12px;
color: #fff;
border-radius: 2px;
text-decoration: underline;
}
.header__nav-link:hover {
text-decoration: none;
background-color: rgba(0, 0, 0, .05);
}
.header__nav-link--selected {
font-weight: bold;
text-decoration: none;
}
/********** MAIN BLOG **********/
#main {
position: relative;
padding-bottom: 32px;
z-index: 100;
box-shadow: 0 2px 4px rgba(0, 0, 0, .15);
}
#Blog1 {
margin: 0 auto;
}
/********* POST **********/
.post {
background-color: #fff;
}
.post__title {
color: #000;
font-size: 1rem;
font-weight: normal;
padding: 24px 24px 8px;
}
.post__details {
color: #9e9e9e;
font-size: .8rem;
padding: 0 24px 24px;
}
.post__details a {
color: #9e9e9e;
}
.post__details address {
display: inline;
font-style: normal;
}
.post__author-info {
line-height: 1.75;
}
.post__author-info h3 {
font-size: 1.25rem;
font-weight: normal;
}
.post__author-info a {
color: #79cc7a;
}
/********** PAGINATION **********/
.pag {
margin: 32px 16px;
display: flex;
justify-content: space-between;
}
.pag__link {
font-size: .8rem;
font-weight: bold;
margin: .75em .5em;
min-width: 100px;
border-radius: 2px;
background: #212121;
box-shadow: 0 2px 4px rgba(0, 0, 0, .15);
color: #fff;
display: inline-block;
padding: 8px 16px;
text-align: center;
text-transform: uppercase;
}
.pag__link {
margin: 0 !important;
}
/********** STATUS MESSAGES **********/
.status {
text-align: center;
font-size: 1.25rem;
margin: 0 0 32px;
}
.status a {
text-decoration: underline;
}
#uds-searchControl {
display: none;
}
/********** FOOTER **********/
#footer__widgets {
margin: 0 auto;
padding: 16px;
display: flex;
flex-wrap: wrap;
justify-content: space-around;
background-color: #fff;
}
#footer__widgets .widget {
width: 25%;
padding: 16px 0;
}
#footer__widgets .widget h2 {
font-size: 1.25rem;
color: #333;
font-weight: 100;
border-bottom: 1px solid #dbdfe4;
padding: 4px;
margin-bottom: 8px;
}
footer {
padding: 32px 16px;
background-color: #212121;
text-align: center;
color: #fff;
font-size: 1rem;
position: relative;
bottom: -1px;
}
footer a {
color: #fff;
}
footer .footer-svg {
vertical-align: middle !important;
}
/********** MEDIA QUERIES **********/
@media all and (max-width: 900px) {
.header__wrap {
display: block;
}
#header__title-wrap, #header__nav-wrap {
width: 100%;
}
#footer__widgets .widget {
width: 75%;
}
}
@media all and (max-width: 600px) {
.header__wrap {
padding: 8px;
text-align: center;
}
#header__nav-wrap {
text-align: center;
}
.header__nav-link {
padding: 8px;
}
.post__title {
padding: 16px 16px 8px;
}
.post__details {
padding: 0 16px 16px;
}
.pag {
margin: 16px !important;
}
footer {
padding: 24px 0;
}
#footer__widgets .widget {
width: 100%;
}
}
]]></b:skin>
    <b:template-skin>
      <b:variable default='832px' name='content.width' type='length' value='900px'/>
      <![CDATA[
        .header__wrap, #Blog1, .PopularPosts, #HTML2 {
          max-width: $(content.width);
        }
      ]]>
    </b:template-skin>
    <b:if cond='data:blog.pageType == &quot;item&quot; or data:blog.pageType == &quot;static_page&quot;'>
      <style type='text/css'>
#main::before {
background: #79cc7a;
content: &#39;&#39;;
height: 400px;
position: absolute;
width: 100%;
top: 0;
}
.post {
margin: 0 16px;
padding: 48px 64px;
border-radius: 2px;
box-shadow: 0 2px 4px rgba(0, 0, 0, .15);
}
.post__title {
font-size: 2rem;
padding: 0;
}
.post__details {
font-size: 1rem;
padding: 0;
color: #7e7e7e;
}
.post__details a {
color: #7e7e7e;
}
.post__body {
padding: 32px 0 0;
font-size: 1rem;
line-height: 1.75;
text-align: justify;
}
.post__body p {
margin: 8px 0;
text-indent: 32px;
}
.post__body p:first-child {
margin-top: 0;
}
.post__body h3 {
font-size: 1.5rem;
font-weight: 100;
margin: 8px 0;
}
.post__body a {
text-decoration: underline;
}
.post__body blockquote {
margin: 8px 0;
font-style: italic;
font-size: 1.25rem;
border-left: 5px solid #efefef;
padding: 8px 8px 8px 16px;
}
.post__body cite {
display: block;
text-align: right;
padding: 8px 0;
}
.post__body q {
font-style: italic;
}
.post__body .separator, .post__body .tr-caption-container {
margin: 1em 0;
}
.post__body .separator img, .post__body .tr-caption-container img, .post__body figure img {
max-width: 100%;
height: auto;
}
.post__body .tr-caption-container tr, .post__body figure {
position: relative;
}
.post__body .tr-caption, .post__body figcaption {
text-align: center;
position: absolute;
width: calc(100% - 16px);
background-color: rgba(0, 0, 0, .5);
padding: 4px 8px;
bottom: 8px;
color: #fff;
font-size: .8rem;
}
.post__body .tr-caption a, .post__body figcaption a {
color: #fff;
}
.post__feed a {
background-color: #79cc7a;
border-radius: 3px;
color: #fff;
padding: 3px 6px;
font-size: .9rem;
display: block;
}
.post__share {
margin: 16px 0;
display: flex;
align-items: center;
justify-content: space-between;
}
.post__author-wrap {
display: flex;
}
.post__author-avatar {
width: 64px;
height: 64px;
margin-right: 16px;
}
@media all and (max-width: 600px) {
.post {
padding: 24px 32px;
margin: 0 8px;
}
.post__body {
padding: 16px 0 0;
}
.post__title {
font-size: 1.5rem;
}
.post__details {
font-size: .9rem;
}
.post__body p, .post__body h3, .post__body blockquote, .post__body .separator, .post__body .tr-caption-container {
margin: .5em 0;
}
.post__body h3 {
font-size: 1.25rem;
}
.post__body blockquote {
font-size: 1.1rem;
}
.post__author-avatar {
margin-right: 8px;
}
.post__author-info {
line-height: 1.25;
}
.post__author-info h3 {
font-size: 1.1rem;
}
.pag {
margin: 16px 8px !important;
}
}
<b:if cond='data:blog.isMobile'>
#main::before {
position: initial;
}
.post {
padding: 16px;
}
</b:if>
      </style>
    </b:if>
    <b:if cond='data:blog.pageType == &quot;index&quot; or data:blog.pageType == &quot;archive&quot;'>
      <style type='text/css'>
#Blog1 {
padding: 32px 16px 0;
}
.post {
margin: 0 16px;
border-bottom: 1px solid #ccc;
transition: .2s;
box-shadow: 0 1px 2px rgba(0, 0, 0, .15);
}
.post:first-child {
border-radius: 2px 2px 0 0;
}
.post:first-child:hover {
margin: 0 0 16px;
}
.post:last-child {
border-radius: 0 0 2px 2px;
border-bottom: none !important;
}
.post:hover {
margin: 16px 0;
box-shadow: 0 4px 4px rgba(0, 0, 0, .15);
border-radius: 2px;
}
.pag {
margin: 32px 16px 0;
}
@media all and (max-width: 600px) {
#Blog1 {
padding: 16px 16px 0;
}
      </style>
    </b:if>
    <b:if cond='data:blog.pageType == &quot;error_page&quot;'>
      <style type='text/css'>
        .status {
          margin: 64px 0 32px;
        }
        .status a {
          padding: 16px;
        }
        .status a:hover {
          background-color: rgba(0, 0, 0, .05);
          text-decoration: none;
        }
      </style>
    </b:if>
    <b:if cond='data:blog.isMobile'>
      <style type='text/css'>
        #Blog1 {
          padding: 0;
        }
        .post {
          margin: 0;
          border-radius: 0;
        }
        .post:first-child:hover {
          margin: 0;
        }
        .post:hover {
          margin: 0;
        }
      </style>
    </b:if>

    <!-- Meta-tags -->
    <meta expr:charset='data:blog.encoding'/>
    <meta content='IE=edge,chrome=1' http-equiv='X-UA-Compatible'/>
    <!-- Open Graph & Twitter-->
    <b:if cond='data:blog.postImageUrl != &quot;&quot;'>
      <meta content='summary_large_image' name='twitter:card'/>
      <meta expr:content='data:blog.postImageUrl' property='og:image'/>
    <b:else/>
      <meta content='summary' name='twitter:card'/>
    </b:if>
    <meta content='@TWITTER-OF-YOUR-SITE' name='twitter:site'/>
    <meta content='@YOUR-TWITTER-USERNAME' name='twitter:creator'/>
    <meta expr:content='data:blog.locale' property='og:locale'/>
    <meta expr:content='data:blog.title' property='og:site_name'/>
    <meta content='true' property='og:rich_attachment'/>
    <b:if cond='data:blog.pageName != &quot;&quot;'>
      <meta expr:content='data:blog.pageName' property='og:title'/>
    <b:else/>
      <meta expr:content='data:blog.title' property='og:title'/>
    </b:if>
    <b:if cond='data:blog.pageType == &quot;item&quot; or data:blog.pageType == &quot;static_page&quot;'>
      <meta content='article' property='og:type'/>
    <b:else/>
      <meta content='website' property='og:type'/>
      <meta expr:content='data:blog.canonicalUrl' property='og:url'/>
    </b:if>
    <b:if cond='data:blog.metaDescription != &quot;&quot;'>
      <meta expr:content='data:blog.metaDescription' name='og:description'/>
    <b:else/>
      <meta expr:content='data:blog.title + &quot;: &quot; + data:blog.pageName' name='og:description'/>
    </b:if>
    <!-- Icons -->
    <link expr:href='data:blog.blogspotFaviconUrl' rel='icon' sizes='16x16' type='image/png'/>
    <!-- <link rel="icon" type="image/png" href="PATH-TO-32x32-ICON" sizes="32x32"/> -->
    <!-- <link rel="icon" type="image/png" href="PATH-TO-48x48-ICON" sizes="48x48"/> -->
    <!-- <link rel="apple-touch-icon" sizes="180x180" href="PATH-TO-180x180-ICON"/> -->
    <!-- <meta name="msapplication-TileImage" content="PATH-TO-144x144-ICON"/> -->
    <meta expr:content='data:blog.title' name='apple-mobile-web-app-title'/>
    <meta expr:content='data:blog.title' name='application-name'/>
    <meta content='#79cc7a' name='msapplication-TileColor'/>
    <meta content='#79cc7a' name='theme-color'/>
    <!-- Scripts, fonts & other -->
    <b:include data='blog' name='all-head-content'/>
    <link href='//code.ionicframework.com/ionicons/2.0.1/css/ionicons.min.css' rel='stylesheet'/>
    <link href='//cdn.jsdelivr.net/highlight.js/9.3.0/styles/default.min.css' rel='stylesheet'/>
    <script src='//cdn.jsdelivr.net/highlight.js/9.3.0/highlight.min.js' type='text/javascript'/>
    <script src='//ajax.googleapis.com/ajax/libs/jquery/2.2.0/jquery.min.js' type='text/javascript'/>
  </head>
  <body>
    <header>
      <div class='header__wrap'>
        <b:section class='header__title-wrap' id='header__title-wrap' showaddelement='no'>
          <b:widget id='Header1' locked='true' mobile='yes' title='Postium (Header)' type='Header' version='1'>
            <b:widget-settings>
              <b:widget-setting name='displayUrl'>PATH-TO-YOUR-BLOG-LOGO</b:widget-setting>
              <b:widget-setting name='displayHeight'>64</b:widget-setting>
              <b:widget-setting name='sectionWidth'>790</b:widget-setting>
              <b:widget-setting name='useImage'>true</b:widget-setting>
              <b:widget-setting name='shrinkToFit'>false</b:widget-setting>
              <b:widget-setting name='imagePlacement'>BEHIND</b:widget-setting>
              <b:widget-setting name='displayWidth'>64</b:widget-setting>
            </b:widget-settings>
            <b:includable id='main'>
              <b:if cond='data:useImage'>
                <b:if cond='data:imagePlacement == &quot;BEHIND&quot;'>
                  <!-- Blog Title & Description with logo -->
                  <div class='header__image'>
                    <a expr:href='data:blog.homepageUrl' rel='nofollow'>
                      <img expr:alt='data:title' expr:src='data:sourceUrl' expr:title='data:title'/>
                    </a>
                  </div>
                  <div class='header__headline'>
                    <h1 class='header__title'>
                      <b:include name='title'/>
                    </h1>
                    <b:include name='description'/>
                  </div>
                <b:else/>
                  <!-- Only logo -->
                  <div class='header__image'>
                    <a expr:href='data:blog.homepageUrl' rel='nofollow'>
                      <img expr:alt='data:title' expr:src='data:sourceUrl' expr:title='data:title'/>
                    </a>
                  </div>
                </b:if>
                <style type='text/css'>
                  #Header1 {
                    display: flex;
                  }
                  .header__image {
                    margin-right: 16px;
                    align-self: center;
                    line-height: 0;
                  }
                  .header__image img {
                    height: 64px;
                  }
                  @media all and (max-width: 600px) {
                    #Header1 {
                      display: block;
                    }
                    .header__image {
                      margin: 8px 0;
                    }
                    .header__image img {
                      margin: 0 !important;
                    }
                  }
                </style>
              <b:else/>
                <!-- Only Blog Title & Description -->
                <h1 class='header__title'>
                  <b:include name='title'/>
                </h1>
                <b:include name='description'/>
              </b:if>
            </b:includable>
            <b:includable id='description'>
              <p class='description'><data:description/></p>
            </b:includable>
            <b:includable id='title'>
              <a expr:href='data:blog.homepageUrl' rel='nofollow'>
                <data:title/>
              </a>
            </b:includable>
          </b:widget>
        </b:section>
        <b:section class='header__nav-wrap' id='header__nav-wrap' showaddelement='no'>
          <b:widget id='PageList1' locked='true' mobile='yes' title='Pages' type='PageList' version='1'>
            <b:widget-settings>
              <b:widget-setting name='homeTitle'>Homepage</b:widget-setting>
            </b:widget-settings>
            <b:includable id='main'>
              <nav class='header__nav'>
                <b:loop values='data:links' var='link'>
                  <b:if cond='data:link.isCurrentPage'>
                    <a class='header__nav-link header__nav-link--selected' expr:href='data:link.href' rel='nofollow'>
                      <data:link.title/>
                    </a>
                  <b:else/>
                    <a class='header__nav-link' expr:href='data:link.href' rel='nofollow'>
                      <data:link.title/>
                    </a>
                  </b:if>
                </b:loop>
              </nav>
            </b:includable>
          </b:widget>
        </b:section>
      </div>
    </header>
    <b:section class='main' id='main' showaddelement='no'>
      <b:widget id='BlogSearch1' locked='true' mobile='no' title='Search' type='BlogSearch' version='1'>
        <b:includable id='main'>
          <b:if cond='data:blog.pageType != &quot;error_page&quot;'>
            <style type='text/css'>
              #BlogSearch1 {
                position: absolute;
                max-width: 300px;
                min-width: 150px;
                top: 0;
                left: 32px;
              }
              .widget__search-form {
                position: relative;
              }
              .widget__search-input {
                width: 100%;
                height: 44px;
                border: none;
                border-radius: 2px;
                color: #555;
                padding: 4px 8px 4px 36px;
                font-size: .9rem;
                outline: none;
                box-shadow: 0 1px 2px rgba(0, 0, 0, .15);
              }
              .widget__search-form .ion-android-search {
                color: #777;
                line-height: 1;
                font-size: 1.25rem;
              }
              .widget__search-form .ion-android-search:before {
                position: absolute;
                top: 12px;
                left: 12px;
              }
            </style>
            <b:if cond='data:blog.pageType != &quot;item&quot; and data:blog.pageType != &quot;static_page&quot;'>
              <style type='text/css'>
                #BlogSearch1 { top: 32px; }
              </style>
            </b:if>
            <form class='widget__search-form' expr:action='data:blog.homepageUrl + &quot;search/&quot;' method='get'>
              <i class='mfb-component__child-icon ion-android-search'/>
              <input class='widget__search-input' expr:placeholder='data:title' id='s' name='q' type='search'/>
            </form>
            <script type='text/javascript'>
              //<![CDATA[
                document.addEventListener("DOMContentLoaded", function(event) {
                  function getSearchWidth() {
                    return (document.body.clientWidth - document.getElementById('Blog1').offsetWidth - 64) / 2;
                  }
                  var SearchWidth = 'width: ' + getSearchWidth() + 'px';
                  var SearchDisplay = 'display: none;';
                  var block = document.getElementById('BlogSearch1');
                  if(document.body.clientWidth > 1200) {
                    block.setAttribute( 'style', SearchWidth );
                  } else {
                    block.setAttribute( 'style', SearchDisplay );
                  }
                });
              //]]>
            </script>
          </b:if>
        </b:includable>
      </b:widget>
      <b:widget id='Label1' locked='true' mobile='no' title='Popular Tags' type='Label' version='1'>
        <b:widget-settings>
          <b:widget-setting name='sorting'>ALPHA</b:widget-setting>
          <b:widget-setting name='display'>LIST</b:widget-setting>
          <b:widget-setting name='selectedLabelsList'/>
          <b:widget-setting name='showType'>ALL</b:widget-setting>
          <b:widget-setting name='showFreqNumbers'>true</b:widget-setting>
        </b:widget-settings>
        <b:includable id='main'>
          <b:if cond='data:blog.pageType != &quot;error_page&quot;'>
            <div class='tags__title'>
              <data:title/>
            </div>
            <ul class='tags__content'>
              <b:loop values='data:labels' var='label'>
                <b:if cond='data:blog.url == data:label.url'>
                  <li class='tags__content--active'>
                    #<data:label.name/>
                    <b:if cond='data:showFreqNumbers'>
                      <span class='tags__number'>
                        <data:label.count/>
                      </span>
                    </b:if>
                  </li>
                <b:else/>
                  <a expr:href='data:label.url'>
                    <li>
                      #<data:label.name/>
                      <b:if cond='data:showFreqNumbers'>
                        <span class='tags__number'>
                          <data:label.count/>
                        </span>
                      </b:if>
                    </li>
                  </a>
                </b:if>
              </b:loop>
            </ul>
            <style type='text/css'>
              .Label {
                position: absolute;
                max-width: 300px;
                min-width: 150px;
                top: 60px;
                left: 32px;
                transition: .2s;
                border-radius: 2px;
                box-shadow: 0 1px 2px rgba(0, 0, 0, .15);
                background-color: #fff;
              }
              .tags__title {
                padding: 8px 8px 0;
                font-size: .7rem;
                color: #9e9e9e;
                text-transform: uppercase;
              }
              .tags__content {
                padding: 4px 0 0 !important;
                margin: 0;
                list-style-type: none;
                line-height: 1.5 !important;
                font-size: .9rem;
              }
              .tags__content a {
                color: #333;
              }
              .tags__content li {
                padding: 4px 8px;
                transition: .1s;
                display: flex;
                justify-content: space-between;
              }
              .tags__content li:hover, .tags__content--active {
                background-color: rgba(0, 0, 0, .05);
              }
              .tags__number {
                color: #9e9e9e;
              }
            </style>
            <b:if cond='data:blog.pageType != &quot;item&quot; and data:blog.pageType != &quot;static_page&quot;'>
              <style type='text/css'>
                .Label { top: 92px; }
              </style>
            </b:if>
            <script type='text/javascript'>
              //<![CDATA[
                document.addEventListener("DOMContentLoaded", function(event) {
                  function getLabelsWidth() {
                    return (document.body.clientWidth - document.getElementById('Blog1').offsetWidth - 64) / 2;
                  }
                  var LabelsWidth = 'width: ' + getLabelsWidth() + 'px';
                  var LavelsDisplay = 'display: none;';
                  var block = document.getElementById('Label1');
                  if(document.body.clientWidth > 1200) {
                    block.setAttribute( 'style', LabelsWidth );
                  } else {
                    block.setAttribute( 'style', LavelsDisplay );
                  }
                  function getLabelsHeight() {
                    return (document.getElementById('Label1').offsetHeight + 92);
                  }
                  var MainHeight = 'min-height: ' + getLabelsHeight() + 'px';
                  var MainBlock = document.getElementById('main');
                      MainBlock.setAttribute( 'style', MainHeight );
                });
              //]]>
            </script>
          </b:if>
        </b:includable>
      </b:widget>
      <b:widget id='Blog1' locked='true' title='Blog Posts' type='Blog' version='1'>
        <b:widget-settings>
          <b:widget-setting name='commentLabel'>comments</b:widget-setting>
          <b:widget-setting name='showShareButtons'>true</b:widget-setting>
          <b:widget-setting name='authorLabel'>Author</b:widget-setting>
          <b:widget-setting name='style.unittype'>TextAndImage</b:widget-setting>
          <b:widget-setting name='timestampLabel'>in</b:widget-setting>
          <b:widget-setting name='reactionsLabel'>Reactions</b:widget-setting>
          <b:widget-setting name='showAuthorProfile'>true</b:widget-setting>
          <b:widget-setting name='style.layout'>1x1</b:widget-setting>
          <b:widget-setting name='showLocation'>true</b:widget-setting>
          <b:widget-setting name='showTimestamp'>true</b:widget-setting>
          <b:widget-setting name='postsPerAd'>1</b:widget-setting>
          <b:widget-setting name='style.bordercolor'>#ffffff</b:widget-setting>
          <b:widget-setting name='backlinksLabel'>Backlinks</b:widget-setting>
          <b:widget-setting name='showDateHeader'>true</b:widget-setting>
          <b:widget-setting name='style.textcolor'>#000000</b:widget-setting>
          <b:widget-setting name='showCommentLink'>false</b:widget-setting>
          <b:widget-setting name='style.urlcolor'>#008000</b:widget-setting>
          <b:widget-setting name='postLocationLabel'>Location</b:widget-setting>
          <b:widget-setting name='showAuthor'>true</b:widget-setting>
          <b:widget-setting name='style.linkcolor'>#0000ff</b:widget-setting>
          <b:widget-setting name='style.bgcolor'>#ffffff</b:widget-setting>
          <b:widget-setting name='showLabels'>true</b:widget-setting>
          <b:widget-setting name='postLabelsLabel'>Labels</b:widget-setting>
          <b:widget-setting name='showBacklinks'>false</b:widget-setting>
          <b:widget-setting name='showInlineAds'>false</b:widget-setting>
          <b:widget-setting name='showReactions'>false</b:widget-setting>
        </b:widget-settings>
        <b:includable id='main' var='top'>
          <b:if cond='data:numPosts == 0'>
            <style type='text/css'>
              .Label {display: none;}
            </style>
          </b:if>
          <b:include data='top' name='status-message'/>
          <b:if cond='data:blog.pageType == &quot;archive&quot;'>
            <div class='status'>
              Archive for <data:blog.pageName/>
            </div>
          </b:if>
          <div class='post-wrap'>
            <b:loop values='data:posts' var='post'>
              <b:include data='post' name='post'/>
            </b:loop>
          </div>
          <b:if cond='data:blog.pageType != &quot;static_page&quot; or data:blog.pageType != &quot;error_page&quot;'>
            <b:include name='nextprev'/>
          </b:if>
        </b:includable>
        <b:includable id='backlinkDeleteIcon'/>
        <b:includable id='backlinks'/>
        <b:includable id='comment-form' var='post'/>
        <b:includable id='commentDeleteIcon' var='comment'/>
        <b:includable id='comment_count_picker' var='post'/>
        <b:includable id='comment_picker' var='post'/>
        <b:includable id='comments' var='post'/>
        <b:includable id='feedLinks'/>
        <b:includable id='feedLinksBody' var='links'>
          <div class='post__feed'>
            <a expr:href='data:blog.canonicalHomepageUrl + &quot;feeds/posts/default?alt=rss&quot;' rel='nofollow' target='_blank' title='Subscribe via RSS'>Subscribe via RSS</a>
          </div>
        </b:includable>
        <b:includable id='iframe_comments' var='comment'/>
        <b:includable id='mobile-index-post'/>
        <b:includable id='mobile-main'/>
        <b:includable id='mobile-nextprev'/>
        <b:includable id='mobile-post'/>
        <b:includable id='nextprev'>
          <b:if cond='data:blog.pageType != &quot;error_page&quot;'>
            <div class='pag'>
              <b:if cond='data:newerPageUrl'>
                <a class='pag__link' expr:href='data:newerPageUrl' expr:title='data:newerPageTitle'>
                  <data:newerPageTitle/>
                </a>
              </b:if>
              <b:if cond='data:olderPageUrl'>
                <a class='pag__link' expr:href='data:olderPageUrl' expr:title='data:olderPageTitle'>
                  <data:olderPageTitle/>
                </a>
              </b:if>
            </div>
            <b:if cond='data:blog.isMobile'>
              <div style='margin: 16px 8px; text-align: center;'>
                <a class='pag__link' expr:href='data:desktopLinkUrl' expr:title='data:desktopLinkMsg'>
                  <data:desktopLinkMsg/>
                </a>
              </div>
            </b:if>
          </b:if>
        </b:includable>
        <b:includable id='post' var='post'>
          <article class='post' expr:id='data:post.id'>
            <b:if cond='data:post.title'>
              <b:if cond='data:blog.url != data:post.url'>
                <a expr:href='data:post.url'>
                  <h2 class='post__title'>
                    <data:post.title/>
                  </h2>
                </a>
              <b:else/>
                <h2 class='post__title'>
                  <data:post.title/>
                </h2>
              </b:if>
            </b:if>
            <div class='post__details'>
              <b:if cond='data:blog.pageType == &quot;item&quot;'>
                <!-- Post Author -->
                <b:if cond='data:top.showAuthor'>
                  <b:if cond='data:post.author'>
                    <data:post.author/>
                  </b:if>
                  &#183;
                </b:if>
              </b:if>
              <b:if cond='data:post.dateHeader'>
                <!-- Post Date -->
                <time expr:datetime='data:post.timestampISO8601' pubdate='pubdate'>
                  <data:post.dateHeader/>
                  <script type='text/javascript'>postDate = &quot;<data:post.dateHeader/>&quot;;</script>
                  <b:if cond='data:top.showTimestamp'>
                    <data:top.timestampLabel/> <data:post.timestamp/>
                  </b:if>
                </time>
              <b:else/>
                <time expr:datetime='data:post.timestampISO8601' pubdate='pubdate'>
                  <script type='text/javascript'>document.write(postDate);</script>
                  <b:if cond='data:top.showTimestamp'>
                    <data:top.timestampLabel/> <data:post.timestamp/>
                  </b:if>
                </time>
              </b:if>
              <b:if cond='data:top.showLocation'>
                <!-- Post Location -->
                <b:if cond='data:post.location'>
                  &#183;
                  <address>
                    <b:if cond='data:blog.pageType == &quot;item&quot;'>
                      <a expr:href='data:post.location.mapsUrl' rel='nofollow noopener' target='_blank'>
                        <data:post.location.name/>
                      </a>
                    <b:else/>
                      <data:post.location.name/>
                    </b:if>
                  </address>
                </b:if>
              </b:if>
              <b:if cond='data:post.labels'>
                <!-- Post Hashtags-->
                &#183;
                <b:loop values='data:post.labels' var='label'>
                  <b:if cond='data:blog.pageType == &quot;item&quot;'>
                    <a expr:href='data:label.url' rel='tag'>
                      #<data:label.name/><b:if cond='data:label.isLast'><b:else/>,</b:if>
                    </a>
                  <b:else/>
                    #<data:label.name/><b:if cond='data:label.isLast'><b:else/>,</b:if>
                  </b:if>
                </b:loop>
              </b:if>
            </div>
            <b:if cond='data:blog.pageType == &quot;item&quot; or data:blog.pageType == &quot;static_page&quot;'>
              <!-- <script type='text/javascript'>hljs.initHighlightingOnLoad();</script> -->
              <div class='post__body'>
                <data:post.body/>
              </div>
              <b:include name='shareButtons'/>
              <b:if cond='data:post.authorAboutMe'>
                <!-- Post Author Widget -->
                <b:if cond='data:blog.pageType == &quot;item&quot;'>
                  <div class='post__author-wrap'>
                    <b:if cond='data:post.authorPhoto.url'>
                      <img class='post__author-avatar' expr:alt='data:top.authorLabel' expr:src='data:post.authorPhoto.url'/>
                    </b:if>
                    <div class='post__author-info'>
                      <h3>
                        <data:top.authorLabel/>:
                        <a class='g-profile' expr:href='data:post.authorProfileUrl + &quot;?rel=author&quot;' rel='author noopener' target='_blank'><data:post.author/></a>
                      </h3>
                      <data:post.authorAboutMe/>
                    </div>
                  </div>
                </b:if>
              </b:if>
              <b:include name='postQuickEdit'/>
            </b:if>
          </article>
          <b:if cond='data:blog.pageType == &quot;item&quot;'>
          <!-- Disqus Comments
            <style type='text/css'>
              #disqus {
                margin: 32px auto;
              }
              #disqus_thread {
                padding: 32px 64px;
                margin: 0 16px;
                border-radius: 2px;
                box-shadow: 0 2px 4px rgba(0, 0, 0, .15);
                background-color: #fff;
              }
            </style>
            <div id='disqus'><div id='disqus_thread'/></div>
            <script type='text/javascript'>
              var disqus_config = function () {
                this.page.url = &#39;<data:blog.canonicalUrl/>&#39;;
                this.page.identifier = &#39;<data:post.id/>&#39;;
              };
              (function() { 
                var d = document, s = d.createElement(&#39;script&#39;);
                s.src = &#39;//YOUR-DISQUS-SHORTNAME.disqus.com/embed.js&#39;;
                s.setAttribute(&#39;data-timestamp&#39;, +new Date());
                (d.head || d.body).appendChild(s);
              })();
            </script> -->
          </b:if>
        </b:includable>
        <b:includable id='postQuickEdit'>
          <!-- Admin Widget (made with https://github.com/nobitagit/material-floating-button) -->
          <b:if cond='data:blog.isMobile'>
            <style type='text/css'>
              .blog-admin { display: none !important; }
            </style>
          </b:if>
          <div class='item-control blog-admin'>
            <style type='text/css'>
              .mfb-component--br {
                box-sizing: border-box;
                position: fixed;
                right: 16px;
                bottom: 16px;
                white-space: nowrap;
                z-index: 10;
                padding-left: 0 !important;
                list-style: none;
              }
              .mfb-component--br *, .mfb-component--br *:before, .mfb-component--br *:after {
                box-sizing: inherit;
              }
              .mfb-component__button--main, .mfb-component__button--child {
                background-color: #f0f0f0;
                display: inline-block;
                position: relative;
                border: none;
                border-radius: 50%;
                box-shadow: 0 0 4px rgba(0, 0, 0, 0.14), 0 4px 8px rgba(0, 0, 0, 0.28);
                cursor: pointer;
                outline: none;
                padding: 0;
                color: #79cc7a;
              }
              .mfb-component__button--main:hover, .mfb-component__button--child:hover {
                opacity: 1;
              }
              .mfb-component__list {
                list-style: none;
                margin: 0;
                padding: 0;
              }
              .mfb-component__list &gt; li {
                display: block;
                position: absolute;
                top: 0;
                right: 9px;
                padding: 10px 0;
                margin: -10px 0;
              }
              .mfb-component__icon, .mfb-component__main-icon--active, .mfb-component__main-icon--resting, .mfb-component__child-icon {
                position: absolute;
                font-size: 18px;
                text-align: center;
                line-height: 56px;
                width: 100%;
              }
              .mfb-component__wrap {
                padding: 0 !important;
              }
              [data-mfb-toggle=&quot;hover&quot;]:hover .mfb-component__icon, [data-mfb-toggle=&quot;hover&quot;]:hover .mfb-component__main-icon--active, [data-mfb-toggle=&quot;hover&quot;]:hover .mfb-component__main-icon--resting, [data-mfb-toggle=&quot;hover&quot;]:hover .mfb-component__child-icon {
                -webkit-transform: scale(1) rotate(0deg);
                transform: scale(1) rotate(0deg);
              }
              .mfb-component__button--main {
                height: 56px;
                width: 56px;
                z-index: 20;
              }
              .mfb-component__button--child {
                height: 38px;
                width: 38px;
              }
              .mfb-component__main-icon--active, .mfb-component__main-icon--resting {
                -webkit-transform: scale(1) rotate(360deg);
                transform: scale(1) rotate(360deg);
                -webkit-transition: -webkit-transform 150ms cubic-bezier(0.4, 0, 1, 1);
                transition: transform 150ms cubic-bezier(0.4, 0, 1, 1);
              }
              .mfb-component__child-icon {
                line-height: 38px;
                font-size: 18px;
              }
              .mfb-component__main-icon--active {
                opacity: 0;
              }
              [data-mfb-toggle=&quot;hover&quot;]:hover .mfb-component__main-icon {
                -webkit-transform: scale(1) rotate(0deg);
                transform: scale(1) rotate(0deg);
              }
              [data-mfb-toggle=&quot;hover&quot;]:hover .mfb-component__main-icon--resting {
                opacity: 0;
                position: absolute !important;
              }
              [data-mfb-toggle=&quot;hover&quot;]:hover .mfb-component__main-icon--active {
                opacity: 1;
              }
              .mfb-component--br.mfb-slidein .mfb-component__list li {
                opacity: 0;
                transition: all 0.3s;
              }
              .mfb-component--br.mfb-slidein[data-mfb-toggle=&quot;hover&quot;]:hover .mfb-component__list li {
                opacity: 1;
              }
              .mfb-component--br.mfb-slidein[data-mfb-toggle=&quot;hover&quot;]:hover .mfb-component__list li:nth-child(1) {
                -webkit-transform: translateY(-50px);
                transform: translateY(-50px);
              }
              .mfb-component--br.mfb-slidein[data-mfb-toggle=&quot;hover&quot;]:hover .mfb-component__list li:nth-child(2) {
                -webkit-transform: translateY(-100px);
                transform: translateY(-100px);
              }
              .mfb-component--br.mfb-slidein[data-mfb-toggle=&quot;hover&quot;]:hover .mfb-component__list li:nth-child(3) {
                -webkit-transform: translateY(-150px);
                transform: translateY(-150px);
              }
              .mfb-component--br.mfb-slidein[data-mfb-toggle=&quot;hover&quot;]:hover .mfb-component__list li:nth-child(4) {
                -webkit-transform: translateY(-200px);
                transform: translateY(-200px);
              }
              .mfb-component--br.mfb-slidein[data-mfb-toggle=&quot;hover&quot;]:hover .mfb-component__list li:nth-child(5) {
                -webkit-transform: translateY(-250px);
                transform: translateY(-250px);
              }
              .mfb-component--br.mfb-slidein[data-mfb-toggle=&quot;hover&quot;]:hover .mfb-component__list li:nth-child(6) {
                -webkit-transform: translateY(-300px);
                transform: translateY(-300px);
              }
              [data-mfb-label]:after {
                content: attr(data-mfb-label);
                opacity: 0;
                transition: all .5s;
                background: rgba(0, 0, 0, .9);
                padding: 4px 8px;
                border-radius: 3px;
                color: rgba(255, 255, 255, .8);
                font-size: 12px;
                font-weight: 700;
                pointer-events: none;
                line-height: normal;
                position: absolute;
                top: 50%;
                margin-top: -11.5px;
              }
              [data-mfb-toggle=&quot;hover&quot;] [data-mfb-label]:hover:after {
                content: attr(data-mfb-label);
                opacity: 1;
                transition: all 0.3s;
              }
              .mfb-component--br [data-mfb-label]:after {
                content: attr(data-mfb-label);
                right: 70px;
              }
              .mfb-component--br .mfb-component__list [data-mfb-label]:after {
                content: attr(data-mfb-label);
                right: 50px;
              }
            </style>
            <ul class='mfb-component--br mfb-slidein' data-mfb-toggle='hover' id='menu'>
              <li class='mfb-component__wrap'>
                <a class='mfb-component__button--main' data-mfb-label='Dashboard' href='#'>
                  <i class='mfb-component__main-icon--resting ion-settings'/>
                  <i class='mfb-component__main-icon--active ion-close-round'/>
                </a>
                <ul class='mfb-component__list'>
                  <li>
                    <a class='mfb-component__button--child' data-mfb-label='Edit Article' expr:href='data:post.editUrl' target='_blank' rel='noopener'>
                      <i class='mfb-component__child-icon ion-edit'/>
                    </a>
                  </li>
                  <li>
                    <a class='mfb-component__button--child' data-mfb-label='Blog Overview' expr:href='&quot;https://www.blogger.com/blogger.g?blogID=&quot; + data:blog.blogId + &quot;#overview&quot;' target='_blank' rel='noopener'>
                      <i class='mfb-component__child-icon ion-home'/>
                    </a>
                  </li>
                  <li>
                    <a class='mfb-component__button--child' data-mfb-label='View Comments' href='https://YOUR-DISQUS-SHORTNAME.disqus.com/admin/' target='_blank' rel='noopener'>
                      <i class='mfb-component__child-icon ion-chatbox'/>
                    </a>
                  </li>
                  <li>
                    <a class='mfb-component__button--child' data-mfb-label='View Posts Stats' expr:href='&quot;https://www.blogger.com/blogger.g?blogID=&quot; + data:blog.blogId + &quot;#postsstats&quot;' target='_blank' rel='noopener'>
                      <i class='mfb-component__child-icon ion-pie-graph'/>
                    </a>
                  </li>
                  <li>
                    <a class='mfb-component__button--child' data-mfb-label='Edit Template' expr:href='&quot;https://www.blogger.com/blogger.g?blogID=&quot; + data:blog.blogId + &quot;#template&quot;' target='_blank' rel='noopener'>
                      <i class='mfb-component__child-icon ion-easel'/>
                    </a>
                  </li>
                  <li>
                    <a class='mfb-component__button--child' data-mfb-label='Edit Settings' expr:href='&quot;https://www.blogger.com/blogger.g?blogID=&quot; + data:blog.blogId + &quot;#basicsettings&quot;' target='_blank' rel='noopener'>
                      <i class='mfb-component__child-icon ion-wrench'/>
                    </a>
                  </li>
                </ul>
              </li>
            </ul>
          </div>
        </b:includable>
        <b:includable id='shareButtons'>
          <!-- Yandex Share Buttons (more: https://tech.yandex.ru/share) -->
          <div class='post__share'>
            <b:include name='feedLinksBody'/>
            <script async='async' src='//yastatic.net/share2/share.js'/>
            <div class='ya-share2' data-services='twitter,vkontakte,facebook,collections,pocket' expr:data-description='data:post.snippet' expr:data-image='data:postFirstImageUrl' expr:data-lang='data:blog.locale' expr:data-title='data:post.title' expr:data-url='data:post.url'/>
          </div>
        </b:includable>
        <b:includable id='status-message'>
          <b:if cond='data:navMessage'>
            <div class='status'>
              <data:navMessage/>
            </div>
          </b:if>
        </b:includable>
        <b:includable id='threaded-comment-form' var='comment'/>
        <b:includable id='threaded_comment_js' var='post'/>
        <b:includable id='threaded_comments' var='post'/>
      </b:widget>
      <b:widget id='FeaturedPost1' locked='false' mobile='no' title='Pinned Post' type='FeaturedPost' version='1'>
        <b:widget-settings>
          <b:widget-setting name='showSnippet'>true</b:widget-setting>
          <b:widget-setting name='showPostTitle'>true</b:widget-setting>
          <b:widget-setting name='postId'>YOUR-FEATURED-POST-ID</b:widget-setting>
          <b:widget-setting name='showFirstImage'>true</b:widget-setting>
          <b:widget-setting name='useMostRecentPost'>false</b:widget-setting>
        </b:widget-settings>
        <b:includable id='main'>
          <b:if cond='data:blog.pageType == &quot;item&quot;'>
            <a expr:href='data:postUrl'>
              <div class='pinned' id='pinned'>
                <b:if cond='data:title != &quot;&quot;'>
                  <div class='pinned__msg'>
                    <data:title/>
                  </div>
                </b:if>
                <b:include name='content'/>
              </div>
            </a>
            <b:if cond='data:blog.url == data:postUrl'>
              <style type='text/css'>
                .FeaturedPost { display: none; }
              </style>
            </b:if>
          </b:if>
        </b:includable>
        <b:includable id='content'>
          <b:if cond='data:showPostTitle and data:postTitle != &quot;&quot;'>
            <div class='pinned__title'>
              <data:postTitle/>
            </div>
          </b:if>
          <b:if cond='data:showSnippet and data:postSummary != &quot;&quot;'>
            <div class='pinned__content'>
              <data:postSummary/>
            </div>
          </b:if>
          <b:if cond='data:showFirstImage and data:postFirstImage != &quot;&quot;'>
            <img class='pinned__image' expr:src='data:postFirstImage'/>
          </b:if>
          <style type='text/css'>
            .FeaturedPost {
              position: absolute;
              max-width: 300px;
              top: 0;
              right: 32px;
              transition: .2s;
              border-radius: 2px;
              box-shadow: 0 1px 2px rgba(0, 0, 0, .15);
              background-color: #fff;
            }
            .FeaturedPost:hover {
              box-shadow: 0 4px 4px rgba(0, 0, 0, .15);
              background-color: #fefefe;
            }
            .pinned__msg {
              padding: 8px 8px 0;
              font-size: .7rem;
              color: #9e9e9e;
              text-transform: uppercase;
            }
            .pinned__title {
              padding: 4px 8px;
              font-weight: bold;
            }
            .pinned__content {
              padding: 0 8px 8px;
              font-size: .8rem;
              text-align: justify;
            }
            .pinned__image {
              width: 100%;
              margin-bottom: -6px;
              border-radius: 0 0 2px 2px;
            }
          </style>
          <script type='text/javascript'>
            //<![CDATA[
            function getTopOffset(e) { 
              var y = 0;
              do { y += e.offsetTop; } while (e = e.offsetParent);
              return y;
            }
            function getWidth() {
              return (document.body.clientWidth - document.getElementById('Blog1').offsetWidth - 64) / 2;
            }
            var block = document.getElementById('FeaturedPost1');
            var PostWidth = 'width: ' + getWidth() + 'px';
            var PostDisplay = 'display: none;';
            if(document.body.clientWidth > 1200) {
              block.setAttribute( 'style', PostWidth );
            } else {
              block.setAttribute( 'style', PostDisplay );
            }
            if ( null != block ) {
              var topPos = getTopOffset( block );
              window.onscroll = function() {
                var newcss = (topPos < window.pageYOffset) ? 'top: 16px; position: fixed;' : '';
                var PostWidth = 'width: ' + getWidth() + 'px';
                if(document.body.clientWidth > 1200) {
                  block.setAttribute( 'style', newcss + '' + PostWidth);
                } else {
                  block.setAttribute( 'style', PostDisplay)
                }
              }
            }
            //]]>
          </script>
        </b:includable>
      </b:widget>
      <b:widget id='PopularPosts1' locked='true' mobile='no' title='Popular Posts' type='PopularPosts' version='1'>
        <b:widget-settings>
          <b:widget-setting name='numItemsToShow'>3</b:widget-setting>
          <b:widget-setting name='showThumbnails'>true</b:widget-setting>
          <b:widget-setting name='showSnippets'>true</b:widget-setting>
          <b:widget-setting name='timeRange'>ALL_TIME</b:widget-setting>
        </b:widget-settings>
        <b:includable id='main'>
          <b:if cond='data:blog.pageType == &quot;item&quot;'>
            <ul>
              <b:loop values='data:posts' var='post'>
                <a expr:href='data:post.href'>
                  <li class='popular__post'>
                    <div class='popular__msg'>
                      <data:title/>
                    </div>
                    <h5 class='popupar__title'>
                      <data:post.title/>
                    </h5>
                    <p class='popular__snippet'>
                      <data:post.snippet/>
                    </p>
                    <b:if cond='data:post.featuredImage or data:post.thumbnail'>
                      <img class='popular__image' expr:alt='data:post.title' expr:src='data:post.featuredImage'/>
                    </b:if>
                  </li>
                </a>
              </b:loop>
            </ul>
            <style type='text/css'>
              .PopularPosts {
                margin: 32px auto 0;
              }
              .PopularPosts ul {
                padding: 0 !important;
                list-style-type: none;
                margin: 0 8px;
                display: inline-flex;
              }
              .PopularPosts ul a:hover {
                opacity: 1;
              }
              .popular__post {
                padding: 8px !important;
                margin: 0 8px !important;
                background-color: #fff;
                border-radius: 2px;
                box-shadow: 0 1px 2px rgba(0, 0, 0, .15);
                transition: all .3s;
              }
              .popular__post:hover {
                box-shadow: 0 4px 4px rgba(0, 0, 0, .15)
              }
              .popular__msg {
                padding: 0 0 4px;
                font-size: .7rem;
                color: #9e9e9e;
                text-transform: uppercase;
              }
              .popupar__title {
                margin: 0;
                font-size: 1rem;
              }
              .popular__snippet {
                margin: 8px 0 0;
                font-size: .9rem;
                line-height: 1.5;
              }
              .popular__image {
                padding: 8px 0 0 !important;
                width: calc(100% + 16px);
                margin: 0 0 -12px -8px;
                border-radius: 0 0 2px 2px;
              }
              @media all and (max-width: 600px) {
                .PopularPosts {
                  display: none;
                }
              }
            </style>
          </b:if>
        </b:includable>
      </b:widget>
    </b:section>
    <b:if cond='data:blog.pageType != &quot;error_page&quot;'>
      <b:section class='footer__widgets' id='footer__widgets' showaddelement='yes'>
        <b:widget id='BlogArchive1' locked='false' mobile='no' title='Blog Archive' type='BlogArchive' version='1'>
          <b:widget-settings>
            <b:widget-setting name='showStyle'>HIERARCHY</b:widget-setting>
            <b:widget-setting name='yearPattern'>yyyy</b:widget-setting>
            <b:widget-setting name='showWeekEnd'>true</b:widget-setting>
            <b:widget-setting name='monthPattern'>MMMM yyyy</b:widget-setting>
            <b:widget-setting name='dayPattern'>MMM dd</b:widget-setting>
            <b:widget-setting name='weekPattern'>MM/dd</b:widget-setting>
            <b:widget-setting name='chronological'>false</b:widget-setting>
            <b:widget-setting name='showPosts'>true</b:widget-setting>
            <b:widget-setting name='frequency'>MONTHLY</b:widget-setting>
          </b:widget-settings>
          <b:includable id='main'>
            <b:if cond='data:title != &quot;&quot;'>
              <h2><data:title/></h2>
            </b:if>
            <div class='widget-content'>
              <ul class='archive'>
                <b:loop values='data:data' var='i'>
                  <a expr:href='data:i.url'>
                    <li class='archive__link'>
                      <data:i.name/> <span class='archive__number' title='Number of posts'><data:i.post-count/></span>
                    </li>
                  </a>
                </b:loop>
              </ul>
              <style type='text/css'>
                .archive {
                  padding: 0 !important;
                  margin: 0;
                  list-style-type: none;
                  line-height: 1.5 !important;
                  font-size: 1rem;
                  display: flex;
                  flex-wrap: wrap;
                  justify-content: space-around;
                }
                .archive__link {
                  padding: 8px !important;
                  transition: .1s;
                  display: flex;
                  min-width: 184px;
                  justify-content: space-between;
                }
                .archive__link:hover {
                  background-color: rgba(0, 0, 0, .05);
                }
                .archive__number {
                  color: #9e9e9e;
                }
              </style>
            </div>
          </b:includable>
          <b:includable id='flat' var='data'>
            <ul class='flat'>
              <b:loop values='data:data' var='i'>
                <li class='archivedate'>
                  <a expr:href='data:i.url'><data:i.name/></a> (<data:i.post-count/>)
                </li>
              </b:loop>
            </ul>
          </b:includable>
          <b:includable id='interval' var='intervalData'>
            <b:loop values='data:intervalData' var='interval'>
              <ul class='hierarchy'>
                <li expr:class='&quot;archivedate &quot; + data:interval.expclass'>
                  <b:include cond='data:interval.toggleId' data='interval' name='toggle'/>
                  <a class='post-count-link' expr:href='data:interval.url'>
                    <data:interval.name/>
                  </a>
                  <span class='post-count' dir='ltr'>(<data:interval.post-count/>)</span>
                  <b:include cond='data:interval.data' data='interval.data' name='interval'/>
                  <b:include cond='data:interval.posts' data='interval.posts' name='posts'/>
                </li>
              </ul>
            </b:loop>
          </b:includable>
          <b:includable id='menu' var='data'>
            <select expr:id='data:widget.instanceId + &quot;_ArchiveMenu&quot;'>
              <option value=''><data:title/></option>
              <b:loop values='data:data' var='i'>
                <option expr:value='data:i.url'>
                  <data:i.name/> (<data:i.post-count/>)
                </option>
              </b:loop>
            </select>
          </b:includable>
          <b:includable id='posts' var='posts'>
            <ul class='posts'>
              <b:loop values='data:posts' var='post'>
                <li><a expr:href='data:post.url'><data:post.title/></a></li>
              </b:loop>
            </ul>
          </b:includable>
          <b:includable id='toggle' var='interval'>
            <a class='toggle' href='javascript:void(0)'>
              <span expr:class='&quot;zippy&quot; + (data:interval.expclass == &quot;expanded&quot; ? &quot; toggle-open&quot; : &quot;&quot;)'>
                <b:if cond='data:interval.expclass == &quot;expanded&quot;'>
                  &#9660;&#160;
                <b:elseif cond='data:blog.languageDirection == &quot;rtl&quot;'/>
                  &#9668;&#160;
                <b:else/>
                  &#9658;&#160;
                </b:if>
              </span>
            </a>
          </b:includable>
        </b:widget>
        <b:widget id='FollowByEmail1' locked='false' mobile='no' title='Subscribe' type='FollowByEmail' version='1'>
          <b:includable id='main'>
            <b:if cond='data:title != &quot;&quot;'>
              <h2><data:title/></h2>
            </b:if>
            <div class='widget-content'>
              <form action='https://feedburner.google.com/fb/a/mailverify' expr:onsubmit='&quot;window.open(\&quot;https://feedburner.google.com/fb/a/mailverify?uri=&quot; + data:feedPath + &quot;\&quot;, \&quot;popupwindow\&quot;, \&quot;scrollbars=yes,width=550,height=520\&quot;); return true&quot;' method='post' target='popupwindow'>
                <label for='follow'>Follow by Email</label>
                <input class='follow__input' id='follow' name='email' placeholder='Email..' type='email'/>
              </form>
              <div class='follow__caption'>Follow on Social Networks</div>
              <ul class='follow__list'>
                <li>
                  <a href='LINK-TO-YOUR-TWITTER' target='_blank' title='Twitter'><i class='ion-social-twitter' style='color: #55acee;'/></a>
                </li>
                <li>
                  <a href='LINK-TO-YOUR-FACEBOOK' target='_blank' title='Facebook'><i class='ion-social-facebook' style='color: #3b5999;'/></a>
                </li>
                <li>
                  <a href='LINK-TO-YOUR-GITHUB' target='_blank' title='Github'><i class='ion-social-github' style='color: #171515;'/></a>
                </li>
                <li>
                  <a href='LINK-TO-YOUR-INSTAGRAM' target='_blank' title='Instagram'><i class='ion-social-instagram' style='color: #3f729b;'/></a>
                </li>
                <li>
                  <a href='LINK-TO-YOUR-PINTEREST' target='_blank' title='Pinterest'><i class='ion-social-pinterest' style='color: #bd081c;'/></a>
                </li>
                <li>
                  <a href='LINK-TO-YOUR-YOUTUBE' target='_blank' title='YouTube'><i class='ion-social-youtube' style='color: #cd201f;'/></a>
                </li>
              </ul>
            </div>
            <style type='text/css'>
              #FollowByEmail1 form {
                margin-bottom: 16px;
              }
              #FollowByEmail1 label, .follow__caption {
                display: block;
                font-size: .75rem;
                color: #999;
              }
              .follow__input {
                padding: 4px 0 8px;
                outline: none;
                border: 0;
                border-bottom: 2px solid #dbdfe4;
                width: 100%;
                background-color: #fff;
                font-size: 1rem;
                transition: .2s ease;
              }
              .follow__input:focus {
                border-bottom: 2px solid #79cc7a;
              }
              .follow__input::-webkit-input-placeholder {
                color: #333;
                transition: .2s;
              }
              .follow__input:focus::-webkit-input-placeholder {
                color: #777;
              }
              .follow__input:-moz-placeholder {
                color: #333;
                transition: .2s;
              }
              .follow__input:focus:-moz-placeholder {
                color: #777;
              }
              .follow__list {
                margin: 0 !important;
                padding: 0 !important;
                list-style-type: none;
                display: flex;
                flex-wrap: wrap;
                justify-content: space-between;
              }
              .follow__list li {
                padding: 8px;
                width: auto;
                transition: .2s;
              }
              .follow__list li:hover {
                background-color: rgba(0, 0, 0, .05);
              }
              .follow__list i {
                line-height: 1;
                font-size: 1.25rem;
              }
              .follow__list li a {
                padding: 8px;
              }
            </style>
          </b:includable>
        </b:widget>
        <b:widget id='Text1' locked='false' title='About' type='Text' version='1'>
          <b:widget-settings>
            <b:widget-setting name='content'><![CDATA[<img alt="About" src="//lh3.googleusercontent.com/proxy/FPFRtPl_n-oWh6myRItLImPhCO2yBFLkeqe1SPqH9wyIub7GV08zho683yyqsyfugPzPapxcpNcxnlcTI4EuJ3MQUOhkSpBGDB2ljVrYp8n3rjlggX97sb5WSADzhGsFBtXF91EiMEJOU7wrlA=s0-d" style="float: right; max-width: 100px;" / /><p>Lorem ipsum dolor sit amet, consectetur adipiscing elit, sed do eiusmod tempor incididunt ut labore et dolore magna aliqua. Ut enim ad minim veniam, quis nostrud exercitation ullamco laboris nisi ut aliquip ex ea commodo consequat. Duis aute irure dolor in reprehenderit in voluptate velit esse cillum dolore eu fugiat nulla pariatur. Excepteur sint occaecat cupidatat non proident, sunt in culpa qui officia deserunt mollit anim id est laborum.</p>]]></b:widget-setting>
          </b:widget-settings>
          <b:includable id='main'>
            <style type='text/css'>
              #Text1 p {
                font-size: .95rem;
                text-align: justify;
                line-height: 1.5;
              }
              #Text1 img {
                max-width: 100px;
                float: right;
                margin: 8px 0 0 16px;
              }
            </style>
            <b:if cond='data:title != &quot;&quot;'>
              <h2><data:title/></h2>
            </b:if>
            <div class='widget-content'>
              <data:content/>
            </div>
          </b:includable>
        </b:widget>
      </b:section>
    </b:if>
    <footer>
      Blogger Template &#171;Postium&#187; | Powered by Blogger<br/><svg class='footer-svg' fill='#fff' height='17' viewBox='0 0 14 16' width='17' xmlns='http://www.w3.org/2000/svg'><path d='M9.5 3L8 4.5 11.5 8 8 11.5 9.5 13 14 8 9.5 3zm-5 0L0 8l4.5 5L6 11.5 2.5 8 6 4.5 4.5 3z'/></svg> with <svg class='footer-svg' fill='#fff' height='17' viewBox='0 0 12 16' width='17' xmlns='http://www.w3.org/2000/svg'><path d='M11.2 3c-.52-.63-1.25-.95-2.2-1-.97 0-1.69.42-2.2 1-.51.58-.78.92-.8 1-.02-.08-.28-.42-.8-1-.52-.58-1.17-1-2.2-1-.95.05-1.69.38-2.2 1-.52.61-.78 1.28-.8 2 0 .52.09 1.52.67 2.67C1.25 8.82 3.01 10.61 6 13c2.98-2.39 4.77-4.17 5.34-5.33C11.91 6.51 12 5.5 12 5c-.02-.72-.28-1.39-.8-2.02V3z' fill-rule='evenodd'/></svg> by <a href='https://www.web-xaser.ru' target='_blank' rel='noopener'><b>@web_xaser</b></a>
    </footer>
    <!-- For old browsers -->
    <script src='https://yastatic.net/browser-updater/v1/script.js' type='text/javascript'/>
    <script type='text/javascript'>var yaBrowserUpdater = new ya.browserUpdater.init({&quot;lang&quot;:&quot;en&quot;,&quot;browsers&quot;:{&quot;chrome&quot;:&quot;60&quot;,&quot;ie&quot;:&quot;10&quot;,&quot;opera&quot;:&quot;40&quot;,&quot;safari&quot;:&quot;7.1&quot;,&quot;fx&quot;:&quot;40&quot;},&quot;theme&quot;:&quot;black&quot;});</script>
    <!-- Google Analytics -->
    <script type='text/javascript'>
      (function(i,s,o,g,r,a,m){i[&#39;GoogleAnalyticsObject&#39;]=r;i[r]=i[r]||function(){
        (i[r].q=i[r].q||[]).push(arguments)},i[r].l=1*new Date();a=s.createElement(o),
        m=s.getElementsByTagName(o)[0];a.async=1;a.src=g;m.parentNode.insertBefore(a,m)
      })(window,document,&#39;script&#39;,&#39;https://www.google-analytics.com/analytics.js&#39;,&#39;ga&#39;);
      ga(&#39;create&#39;, &#39;<data:blog.analyticsAccountNumber/>&#39;, &#39;auto&#39;);
      ga(&#39;send&#39;, &#39;pageview&#39;);
    </script>
  </body>
</html>